dataset,model_a,model_b,n_categories,n_pairs,pearson_r,pearson_p,spearman_r,spearman_p,kendall_r,kendall_p,mae,rmse
bv,clip,dinov3,85,3570,0.8887676073277049,0.0,0.839000445946085,0.0,0.6536151249516338,0.0,0.07033266285549322,0.08875652570777184
things,clip,dinov3,85,3570,0.7019366165764918,0.0,0.5140162606271277,5.017021946119278e-240,0.36210427011936747,8.152500361113926e-231,0.07559208140515573,0.09678165831714419
