model,baseline,observed_spearman_r,null_mean_spearman_r,null_sd_spearman_r,empirical_p_two_sided,empirical_z,n_categories,n_pairs,n_permutations
clip,things_label_shuffle,0.5743903359679347,0.000551190104192359,0.017314793771089805,0.0001999600079984003,33.14155244451883,85,3570,5000
dinov3,things_label_shuffle,0.4542780451505613,0.00015029246306187859,0.016764472078920522,0.0001999600079984003,27.08869987211983,85,3570,5000
