cdi_semantic,n_categories_subject,within_mean_subject,between_mean_subject,delta_between_minus_within_subject,n_within_pairs_subject,n_between_pairs_subject,n_categories_things,within_mean_things,between_mean_things,delta_between_minus_within_things,n_within_pairs_things,n_between_pairs_things,subject_id
animals,5,0.8321383530286213,1.0248537633192802,0.1927154102906589,10,370,5,0.7099354438021389,1.034406369397164,0.324470925595025,10,400,participant_04
body_parts,12,0.7577583228812618,1.0514463881195688,0.293688065238307,66,804,12,0.7365995866213918,1.0566504102354566,0.3200508236140648,66,876,participant_04
clothing,13,0.8396101184730472,1.0328836161230224,0.1932734976499751,78,858,13,0.7539568449165451,1.046895005872413,0.2929381609558675,78,936,participant_04
food_drink,2,0.7888126717994791,1.0231017103318354,0.2342890385323562,1,154,2,0.8274018142113997,1.0197641299166196,0.1923623157052199,1,166,participant_04
furniture_rooms,14,0.8270042845422801,1.0429721800648113,0.2159678955225311,91,910,14,0.7751758282397301,1.0540448682077466,0.2788690399680165,91,994,participant_04
household,22,0.9762852622888224,1.0278076712624322,0.0515224089736097,231,1254,25,0.9454481456668172,1.03594270561401,0.0904945599471928,300,1500,participant_04
outside,4,0.921263293515322,1.0257696744807845,0.1045063809654623,6,300,7,0.8089574879696948,1.0294181023894886,0.2204606144197938,21,546,participant_04
toys,5,0.8909716403546403,1.0280039276558528,0.1370322873012125,10,370,5,0.9046339833881298,1.0184409209153116,0.1138069375271817,10,400,participant_04
vehicles,2,0.9998597938108208,1.0198088661007758,0.019949072289955,1,154,2,0.8190736507653066,1.0189801034888586,0.199906452723552,1,166,participant_04
