cdi_semantic,n_categories_subject,within_mean_subject,between_mean_subject,delta_between_minus_within_subject,n_within_pairs_subject,n_between_pairs_subject,n_categories_things,within_mean_things,between_mean_things,delta_between_minus_within_things,n_within_pairs_things,n_between_pairs_things,subject_id
animals,4,0.7581325101828668,1.0360574523808848,0.277924942198018,6,252,5,0.7099354438021389,1.034406369397164,0.324470925595025,10,400,participant_06
body_parts,11,0.7419923695404634,1.0548141356537106,0.3128217661132472,55,616,12,0.7365995866213918,1.0566504102354566,0.3200508236140648,66,876,participant_06
clothing,9,0.7317725059440154,1.0525361572438354,0.32076365129982,36,522,13,0.7539568449165451,1.046895005872413,0.2929381609558675,78,936,participant_06
food_drink,2,0.5771174047500752,1.017929115161469,0.4408117104113934,1,130,2,0.8274018142113997,1.0197641299166196,0.1923623157052199,1,166,participant_06
furniture_rooms,10,0.8258492190856259,1.0492376293858323,0.2233884103002064,45,570,14,0.7751758282397301,1.0540448682077466,0.2788690399680165,91,994,participant_06
household,22,0.9340246065316388,1.0484601429130689,0.1144355363814302,231,990,25,0.9454481456668172,1.03594270561401,0.0904945599471928,300,1500,participant_06
outside,3,0.9856262150755444,1.019488145790166,0.0338619307146216,3,192,7,0.8089574879696948,1.0294181023894886,0.2204606144197938,21,546,participant_06
toys,5,0.9064260154468032,1.0247462982199254,0.1183202827731221,10,310,5,0.9046339833881298,1.0184409209153116,0.1138069375271817,10,400,participant_06
vehicles,1,,1.019505726359634,,0,66,2,0.8190736507653066,1.0189801034888586,0.199906452723552,1,166,participant_06
