comparison,spearman_rho,p_value,n_categories
clip_within,0.9452804377564978,3.8958862850305554e-42,85
dinov3_within,0.8535079147938246,3.243829439976443e-25,85
cross_global,0.5510455344928669,4.6364760147623134e-08,85
cross_local_knn,0.6233926128590972,1.8646245416332237e-10,85
