cdi_semantic,n_categories,clip_global_mean,clip_global_sd,dino_global_mean,dino_global_sd,clip_local_mean,dino_local_mean,clip_global_z_mean,dino_global_z_mean,clip_local_z_mean,dino_local_z_mean
toys,5,20.20931549119568,1.1084111279920976,23.989687998614965,1.0332654523800537,23.007743585382407,28.409734103866253,1.139034150044025,0.3604936585237146,1.099328640119112,0.5235403784317129
outside,7,19.262304355137193,1.2180490454270634,23.494892526720303,1.5952877059698112,21.532520572054093,26.564028786165785,0.6236729067170785,0.07891643855655608,0.5281859350535351,-0.186118010563574
vehicles,2,18.72936879519569,0.6327733541401196,24.58645604653368,4.56559961885333,20.760332321349228,28.59356586587767,0.33365062257824457,0.7001012286066395,0.22922795897613812,0.5942221664853576
household,25,18.616940888594918,1.3798912592547932,24.02119294222773,1.0939078910552953,20.629097451609397,27.90289367026958,0.272467618995443,0.3784224289785743,0.17841947929208601,0.3286644347290576
animals,5,18.477060886375565,1.2261415247911795,24.78409107875574,2.5679272487019973,20.191899195829762,28.03848917007374,0.1963452492412931,0.8125709784370414,0.00915517674262598,0.38079977996711556
furniture_rooms,14,18.263806723480364,1.0894324835235087,23.604396291542454,0.7614470529429633,20.505062900975354,27.184890537326076,0.08029283301339167,0.14123262256788005,0.13039865252170443,0.05259818421129978
clothing,13,18.243806883416564,1.0052553039751788,22.999527399948622,0.8145123596651711,20.904345779037246,27.41298434177452,0.06940896686951642,-0.20298495947148892,0.2849837566058194,0.14029836053541536
food_drink,2,16.90956233151332,0.08075883050879466,22.458494807614606,1.2351796058146725,18.546420807807614,25.64377139554169,-0.6566837948618427,-0.5108747076894535,-0.6279030640596128,-0.5399493459497425
body_parts,12,15.170849387432826,1.9965028870895343,21.07252374411937,2.2104305899284817,16.20060360002923,23.991179979667574,-1.6028873087713518,-1.2996003553182593,-1.5361022810831815,-1.1753570411054415
