cdi_semantic,n_categories,within_mean,between_mean,delta_between_minus_within,n_within_pairs,n_between_pairs
animals,5,0.7046270141999409,1.0380767879154371,0.3334497737154962,10,400
body_parts,12,0.6522097111901841,1.0731515138133576,0.4209418026231735,66,876
clothing,13,0.7211149085775796,1.0517237408065354,0.33060883222895576,78,936
food_drink,2,0.9435622221699627,1.0216960948300757,0.07813387266011307,1,166
furniture_rooms,14,0.7521735108420906,1.0499700121834996,0.297796501341409,91,994
household,25,0.9035990069171148,1.0500012250874837,0.14640221817036891,300,1500
outside,7,0.7958971490846242,1.0351550178382696,0.2392578687536454,21,546
toys,5,0.8303651649555773,1.0253926003175566,0.1950274353619793,10,400
vehicles,2,0.8458519765528576,1.0165659828151592,0.1707140062623016,1,166
