n,pearson_r,pearson_p,spearman_rho,spearman_p,metric,model,n_categories
85,0.8524963779613501,4.224173461897718e-25,0.8609314233227148,4.387045284569361e-26,within_mean,clip,85
85,0.7911407941814361,2.0827868601954204e-19,0.8004494821184288,3.8498270739211466e-20,between_mean,clip,85
85,0.8397822605365557,9.956627601771942e-24,0.840766073871409,7.874866867249844e-24,delta_between_minus_within,clip,85
