cdi_semantic,n_categories_bv,within_mean_bv,between_mean_bv,delta_between_minus_within_bv,n_within_pairs_bv,n_between_pairs_bv,n_categories_things,within_mean_things,between_mean_things,delta_between_minus_within_things,n_within_pairs_things,n_between_pairs_things
animals,5,0.7046270141999409,1.0380767879154371,0.3334497737154962,10,400,5,0.7099354438021389,1.034406369397164,0.324470925595025,10,400
body_parts,12,0.6522097111901841,1.0731515138133576,0.4209418026231735,66,876,12,0.7365995866213918,1.0566504102354566,0.3200508236140648,66,876
clothing,13,0.7211149085775796,1.0517237408065354,0.33060883222895576,78,936,13,0.7539568449165451,1.0468950058724127,0.29293816095586755,78,936
food_drink,2,0.9435622221699627,1.0216960948300757,0.07813387266011307,1,166,2,0.8274018142113997,1.0197641299166196,0.1923623157052199,1,166
furniture_rooms,14,0.7521735108420906,1.0499700121834996,0.297796501341409,91,994,14,0.7751758282397301,1.0540448682077466,0.2788690399680165,91,994
household,25,0.9035990069171148,1.0500012250874837,0.14640221817036891,300,1500,25,0.9454481456668172,1.03594270561401,0.0904945599471928,300,1500
outside,7,0.7958971490846242,1.0351550178382696,0.2392578687536454,21,546,7,0.8089574879696948,1.0294181023894886,0.2204606144197938,21,546
toys,5,0.8303651649555773,1.0253926003175566,0.1950274353619793,10,400,5,0.9046339833881298,1.0184409209153116,0.11380693752718174,10,400
vehicles,2,0.8458519765528576,1.0165659828151592,0.1707140062623016,1,166,2,0.8190736507653066,1.0189801034888586,0.199906452723552,1,166
