cdi_semantic,n_categories_subject,within_mean_subject,between_mean_subject,delta_between_minus_within_subject,n_within_pairs_subject,n_between_pairs_subject,n_categories_things,within_mean_things,between_mean_things,delta_between_minus_within_things,n_within_pairs_things,n_between_pairs_things,subject_id
animals,7,0.9229988864843962,1.012873808615721,0.08987492213132475,21,805,7,0.9377854736679228,1.0093030204283329,0.07151754676041011,21,854,00400002
body_parts,13,0.8459698677523598,1.026061443888425,0.1800915761360652,78,1417,13,0.8209071994473589,1.0298432309505745,0.2089360315032156,78,1508,00400002
clothing,18,0.9203372937753133,1.019678227846306,0.09934093407099265,153,1872,18,0.9242289492811857,1.0183409652417312,0.09411201596054553,153,1998,00400002
food_drink,22,0.8780832883705985,1.0328552135743057,0.1547719252037072,231,2200,23,0.9588766754362014,1.0196687952757781,0.060792119839576775,253,2438,00400002
furniture_rooms,15,0.8265769652607181,1.0319149428191918,0.20533797755847372,105,1605,15,0.924495035276892,1.017343868529455,0.09284883325256288,105,1710,00400002
household,31,0.9879622712763346,1.014115625848838,0.02615335457250334,465,2821,34,0.9762558020380091,1.017887371236171,0.0416315691981618,561,3230,00400002
outside,8,0.9285961674497651,1.0178851499307024,0.0892889824809373,28,912,11,0.9335095241560295,1.0137295430683357,0.08022001891230623,55,1298,00400002
toys,5,0.9300486376553174,1.0113183987524075,0.08126976109709005,10,585,5,0.9328383445821657,1.0084970664066826,0.07565872182451683,10,620,00400002
vehicles,3,0.8716134920426128,1.0137915569069003,0.1421780648642874,3,357,3,0.9159017198897487,1.0083173216714936,0.0924156017817449,3,378,00400002
