cdi_semantic,n_categories_subject,within_mean_subject,between_mean_subject,delta_between_minus_within_subject,n_within_pairs_subject,n_between_pairs_subject,n_categories_things,within_mean_things,between_mean_things,delta_between_minus_within_things,n_within_pairs_things,n_between_pairs_things,subject_id
animals,7,0.826447855201439,1.0184548947448941,0.1920070395434551,21,812,7,0.9377854736679228,1.0093030204283329,0.07151754676041011,21,854,00370002
body_parts,13,0.8164238000446026,1.0311908186755676,0.21476701863096503,78,1430,13,0.8209071994473589,1.0298432309505745,0.2089360315032156,78,1508,00370002
clothing,18,0.8222682075494602,1.0319365596466583,0.20966835209719814,153,1890,18,0.9242289492811857,1.0183409652417312,0.09411201596054553,153,1998,00370002
food_drink,21,0.880617254833285,1.03537053380238,0.15475327896909497,210,2142,23,0.9588766754362014,1.0196687952757781,0.060792119839576775,253,2438,00370002
furniture_rooms,14,0.8478663573566158,1.0267186973298874,0.17885233997327166,91,1526,15,0.924495035276892,1.017343868529455,0.09284883325256288,105,1710,00370002
household,32,0.9664030286487318,1.0199463600786336,0.05354333142990175,496,2912,34,0.9762558020380091,1.017887371236171,0.0416315691981618,561,3230,00370002
outside,10,0.9565317837396095,1.0144459750792922,0.057914191339682786,45,1130,11,0.9335095241560295,1.0137295430683357,0.08022001891230623,55,1298,00370002
toys,5,0.8322974330989832,1.0133472454791692,0.18104981238018603,10,590,5,0.9328383445821657,1.0084970664066826,0.07565872182451683,10,620,00370002
vehicles,3,0.7844966303118223,1.011093245926969,0.22659661561514677,3,360,3,0.9159017198897487,1.0083173216714936,0.0924156017817449,3,378,00370002
