cdi_semantic,n_categories_subject,within_mean_subject,between_mean_subject,delta_between_minus_within_subject,n_within_pairs_subject,n_between_pairs_subject,n_categories_things,within_mean_things,between_mean_things,delta_between_minus_within_things,n_within_pairs_things,n_between_pairs_things,subject_id
animals,7,0.8884361006064599,1.010886681892197,0.12245058128573716,21,833,7,0.9377854736679228,1.0093030204283329,0.07151754676041011,21,854,00820001
body_parts,13,0.8435042942955479,1.022849555963963,0.17934526166841513,78,1469,13,0.8209071994473589,1.0298432309505745,0.2089360315032156,78,1508,00820001
clothing,17,0.89746889061673,1.0216794465002146,0.12421055588348462,136,1853,18,0.9242289492811857,1.0183409652417312,0.09411201596054553,153,1998,00820001
food_drink,23,0.8987861692493029,1.0290026179410257,0.13021644869172277,253,2369,23,0.9588766754362014,1.0196687952757781,0.060792119839576775,253,2438,00820001
furniture_rooms,15,0.886343207891214,1.0283384926820855,0.14199528479087153,105,1665,15,0.924495035276892,1.017343868529455,0.09284883325256288,105,1710,00820001
household,32,0.9800866123023093,1.0158789019132912,0.03579228961098191,496,3008,34,0.9762558020380091,1.017887371236171,0.0416315691981618,561,3230,00820001
outside,11,0.930698173138881,1.0172771952764155,0.08657902213753443,55,1265,11,0.9335095241560295,1.0137295430683357,0.08022001891230623,55,1298,00820001
toys,5,0.9510189310407517,1.0092009952828365,0.05818206424208472,10,605,5,0.9328383445821657,1.0084970664066826,0.07565872182451683,10,620,00820001
vehicles,3,0.7533860073584484,1.0129804513396934,0.259594443981245,3,369,3,0.9159017198897487,1.0083173216714936,0.0924156017817449,3,378,00820001
