cdi_semantic,n_categories_subject,within_mean_subject,between_mean_subject,delta_between_minus_within_subject,n_within_pairs_subject,n_between_pairs_subject,n_categories_things,within_mean_things,between_mean_things,delta_between_minus_within_things,n_within_pairs_things,n_between_pairs_things,subject_id
animals,7,0.7955414346479172,1.0152151129690694,0.21967367832115225,21,833,7,0.9377854736679228,1.0093030204283329,0.07151754676041011,21,854,00400001
body_parts,13,0.8325242080622911,1.0273400456280202,0.19481583756572907,78,1469,13,0.8209071994473589,1.0298432309505745,0.2089360315032156,78,1508,00400001
clothing,18,0.8891015703372105,1.022842360702664,0.1337407903654535,153,1944,18,0.9242289492811857,1.0183409652417312,0.09411201596054553,153,1998,00400001
food_drink,22,0.9164771802384639,1.0291910236162232,0.11271384337775925,231,2288,23,0.9588766754362014,1.0196687952757781,0.060792119839576775,253,2438,00400001
furniture_rooms,15,0.7759460872409978,1.0369699627212199,0.2610238754802221,105,1665,15,0.924495035276892,1.017343868529455,0.09284883325256288,105,1710,00400001
household,34,0.9705485715957931,1.0198557388899279,0.04930716729413476,561,3128,34,0.9762558020380091,1.017887371236171,0.0416315691981618,561,3230,00400001
outside,11,0.9621574629230111,1.013710063203111,0.0515526002801,55,1265,11,0.9335095241560295,1.0137295430683357,0.08022001891230623,55,1298,00400001
toys,5,0.8895880774866919,1.010057437168273,0.12046935968158101,10,605,5,0.9328383445821657,1.0084970664066826,0.07565872182451683,10,620,00400001
vehicles,1,,1.0062353188692557,,0,125,3,0.9159017198897487,1.0083173216714936,0.0924156017817449,3,378,00400001
