cdi_semantic,n_categories_subject,within_mean_subject,between_mean_subject,delta_between_minus_within_subject,n_within_pairs_subject,n_between_pairs_subject,n_categories_things,within_mean_things,between_mean_things,delta_between_minus_within_things,n_within_pairs_things,n_between_pairs_things,subject_id
animals,7,0.9200535907122949,1.0145451595255977,0.09449156881330278,21,791,7,0.9377854736679228,1.0093030204283329,0.07151754676041011,21,854,00500001
body_parts,13,0.8534250685958897,1.0244017240443453,0.17097665544845553,78,1391,13,0.8209071994473589,1.0298432309505745,0.2089360315032156,78,1508,00500001
clothing,18,0.9100134409457858,1.0220291539428976,0.11201571299711177,153,1836,18,0.9242289492811857,1.0183409652417312,0.09411201596054553,153,1998,00500001
food_drink,19,0.8784071705569091,1.0295381951431626,0.1511310245862535,171,1919,23,0.9588766754362014,1.0196687952757781,0.060792119839576775,253,2438,00500001
furniture_rooms,13,0.8391168247580639,1.0293470374408957,0.1902302126828318,78,1391,15,0.924495035276892,1.017343868529455,0.09284883325256288,105,1710,00500001
household,33,0.9914407044884055,1.0151767875591222,0.02373608307071673,528,2871,34,0.9762558020380091,1.017887371236171,0.0416315691981618,561,3230,00500001
outside,9,0.900500868231204,1.0172412254287555,0.11674035719755149,36,999,11,0.9335095241560295,1.0137295430683357,0.08022001891230623,55,1298,00500001
toys,5,0.958959170713932,1.0086342316092554,0.049675060895323364,10,575,5,0.9328383445821657,1.0084970664066826,0.07565872182451683,10,620,00500001
vehicles,3,0.877763070552447,1.0119031595616013,0.1341400890091543,3,351,3,0.9159017198897487,1.0083173216714936,0.0924156017817449,3,378,00500001
