cdi_semantic,n_categories_subject,within_mean_subject,between_mean_subject,delta_between_minus_within_subject,n_within_pairs_subject,n_between_pairs_subject,n_categories_things,within_mean_things,between_mean_things,delta_between_minus_within_things,n_within_pairs_things,n_between_pairs_things,subject_id
animals,7,0.8008933894760671,1.0200460355129133,0.21915264603684614,21,763,7,0.9377854736679228,1.0093030204283329,0.07151754676041011,21,854,00320001
body_parts,13,0.8361156641231944,1.0314731848781733,0.19535752075497892,78,1339,13,0.8209071994473589,1.0298432309505745,0.2089360315032156,78,1508,00320001
clothing,18,0.885820394111346,1.0291827653200052,0.14336237120865913,153,1764,18,0.9242289492811857,1.0183409652417312,0.09411201596054553,153,1998,00320001
food_drink,22,0.8981223644559501,1.0333505073810898,0.13522814292513974,231,2068,23,0.9588766754362014,1.0196687952757781,0.060792119839576775,253,2438,00320001
furniture_rooms,15,0.8125845084786709,1.0369071069389675,0.22432259846029656,105,1515,15,0.924495035276892,1.017343868529455,0.09284883325256288,105,1710,00320001
household,32,0.9732175206982826,1.0178701385238103,0.04465261782552765,496,2688,34,0.9762558020380091,1.017887371236171,0.0416315691981618,561,3230,00320001
outside,3,0.9968611057698237,1.0085532752867001,0.01169216951687646,3,339,11,0.9335095241560295,1.0137295430683357,0.08022001891230623,55,1298,00320001
toys,5,0.9306119588878691,1.009919940552863,0.07930798166499387,10,555,5,0.9328383445821657,1.0084970664066826,0.07565872182451683,10,620,00320001
vehicles,1,,1.0092765240212735,,0,115,3,0.9159017198897487,1.0083173216714936,0.0924156017817449,3,378,00320001
