cdi_semantic,n_categories_subject,within_mean_subject,between_mean_subject,delta_between_minus_within_subject,n_within_pairs_subject,n_between_pairs_subject,n_categories_things,within_mean_things,between_mean_things,delta_between_minus_within_things,n_within_pairs_things,n_between_pairs_things,subject_id
animals,7,0.8606994454469198,1.0154494733051307,0.1547500278582109,21,749,7,0.9377854736679228,1.0093030204283329,0.07151754676041011,21,854,00320002
body_parts,13,0.828670425099394,1.0286797566001065,0.20000933150071243,78,1313,13,0.8209071994473589,1.0298432309505745,0.2089360315032156,78,1508,00320002
clothing,15,0.902195718546679,1.0194816738683068,0.11728595532162778,105,1485,18,0.9242289492811857,1.0183409652417312,0.09411201596054553,153,1998,00320002
food_drink,21,0.9064226356998204,1.0306719123647334,0.12424927666491303,210,1953,23,0.9588766754362014,1.0196687952757781,0.060792119839576775,253,2438,00320002
furniture_rooms,15,0.8930097263661423,1.026216724184888,0.1332069978187458,105,1485,15,0.924495035276892,1.017343868529455,0.09284883325256288,105,1710,00320002
household,29,0.9844075332263661,1.0181222940772068,0.033714760850840686,406,2465,34,0.9762558020380091,1.017887371236171,0.0416315691981618,561,3230,00320002
outside,7,0.9790991499865589,1.0110969580982452,0.03199780811168629,21,749,11,0.9335095241560295,1.0137295430683357,0.08022001891230623,55,1298,00320002
toys,4,0.9625164116666047,1.0065172865449574,0.04400087487835269,6,440,5,0.9328383445821657,1.0084970664066826,0.07565872182451683,10,620,00320002
vehicles,3,0.8194854811517164,1.0135261759241225,0.19404069477240615,3,333,3,0.9159017198897487,1.0083173216714936,0.0924156017817449,3,378,00320002
