cdi_semantic,n_categories_subject,within_mean_subject,between_mean_subject,delta_between_minus_within_subject,n_within_pairs_subject,n_between_pairs_subject,n_categories_things,within_mean_things,between_mean_things,delta_between_minus_within_things,n_within_pairs_things,n_between_pairs_things,subject_id
animals,6,0.920740195386048,1.0162737209075594,0.0955335255215114,15,660,7,0.9377854736679228,1.0093030204283329,0.07151754676041011,21,854,00420001
body_parts,11,0.8665657316065608,1.0234200998702185,0.15685436826365773,55,1155,13,0.8209071994473589,1.0298432309505745,0.2089360315032156,78,1508,00420001
clothing,17,0.8953500101920151,1.0235188506345694,0.12816884044255428,136,1683,18,0.9242289492811857,1.0183409652417312,0.09411201596054553,153,1998,00420001
food_drink,20,0.9335300369203139,1.0250392034507882,0.09150916653047436,190,1920,23,0.9588766754362014,1.0196687952757781,0.060792119839576775,253,2438,00420001
furniture_rooms,15,0.8727528918274484,1.025234897091554,0.1524820052641055,105,1515,15,0.924495035276892,1.017343868529455,0.09284883325256288,105,1710,00420001
household,30,0.9831291662593684,1.0168498270860105,0.033720660826642046,435,2580,34,0.9762558020380091,1.017887371236171,0.0416315691981618,561,3230,00420001
outside,10,0.8677758668225729,1.0178819919800508,0.1501061251574779,45,1060,11,0.9335095241560295,1.0137295430683357,0.08022001891230623,55,1298,00420001
toys,5,0.9571505590723038,1.0096837307970379,0.05253317172473404,10,555,5,0.9328383445821657,1.0084970664066826,0.07565872182451683,10,620,00420001
vehicles,2,0.8210121080174207,1.009218532011985,0.18820642399456433,1,228,3,0.9159017198897487,1.0083173216714936,0.0924156017817449,3,378,00420001
