cdi_semantic,n_categories,within_mean,between_mean,delta_between_minus_within,n_within_pairs,n_between_pairs
animals,7,0.9377854736679228,1.0093030204283329,0.07151754676041011,21,854
body_parts,13,0.8209071994473589,1.0298432309505745,0.2089360315032156,78,1508
clothing,18,0.9242289492811857,1.0183409652417312,0.09411201596054553,153,1998
food_drink,23,0.9588766754362014,1.0196687952757781,0.060792119839576775,253,2438
furniture_rooms,15,0.924495035276892,1.017343868529455,0.09284883325256288,105,1710
household,34,0.9762558020380091,1.017887371236171,0.0416315691981618,561,3230
outside,11,0.9335095241560295,1.0137295430683357,0.08022001891230623,55,1298
toys,5,0.9328383445821657,1.0084970664066826,0.07565872182451683,10,620
vehicles,3,0.9159017198897487,1.0083173216714936,0.0924156017817449,3,378
