subject_id,n_categories,n_categories_in_set,pct_coverage
00400001,126,129,97.67441860465117
00820001,126,129,97.67441860465117
00370002,123,129,95.34883720930233
00400002,122,129,94.57364341085271
00500001,120,129,93.02325581395348
00320001,116,129,89.92248062015504
00420001,116,129,89.92248062015504
00320002,114,129,88.37209302325581
