window,mean_disp,n_edges
1 mo,0.10108088162194707,96
3 mo,0.06962829845869238,33
