comparison,n,pearson_r,pearson_p,spearman_rho,spearman_p
displacement_vs_rdm_corr,96,-0.7491369005992732,1.6689295966417314e-18,-0.7150162778079219,2.7722405022821845e-16
displacement_vs_rdm_drift,96,0.749136900599273,1.6689295966417913e-18,0.7150162778079219,2.7722405022821845e-16
dispersion_delta_vs_rdm_corr,96,0.26031636827712124,0.010422677778248237,0.23845632121540963,0.0193024774460052
