{
  "n_shuffles": 500,
  "n_real_edges": 33,
  "real_mean": 0.06962829845869238,
  "real_std": 0.030526613684651656,
  "null_mean": 0.08332744293484223,
  "null_std": 0.03892081124460986,
  "difference_real_minus_null": -0.013699144476149852,
  "ttest_stat": -2.534581471270943,
  "ttest_p": 0.01631427306078099,
  "perm_mean_of_means": 0.08321702870878829,
  "cohens_d": -0.39166769773816135
}