{
  "n_shuffles": 500,
  "n_real_edges": 96,
  "real_mean": 0.10108088162194707,
  "real_std": 0.07784572377671276,
  "null_mean": 0.12494591501541612,
  "null_std": 0.0763804428186779,
  "difference_real_minus_null": -0.023865033393469043,
  "ttest_stat": -2.9852157851878385,
  "ttest_p": 0.003600291426859124,
  "perm_mean_of_means": 0.12500164541285314,
  "cohens_d": -0.3094670235102624
}