cdi_semantic,n_categories,within_mean,between_mean,delta_between_minus_within,n_within_pairs,n_between_pairs
animals,5,0.7624175567366953,1.0271222159664943,0.264704659229799,10,400
body_parts,12,0.7810031266413575,1.0586930706914264,0.27768994405006886,66,876
clothing,13,0.7738195932784822,1.040565176386094,0.26674558310761176,78,936
food_drink,2,0.9469062452184348,1.0181990614590077,0.07129281624057293,1,166
furniture_rooms,14,0.8160557384977999,1.0436317659778274,0.22757602748002748,91,994
household,25,0.925898381439258,1.0393362315660915,0.1134378501268335,300,1500
outside,7,0.8540402981174551,1.0268974741572285,0.17285717603977346,21,546
toys,5,0.8371361499988528,1.0171626997072094,0.18002654970835663,10,400
vehicles,2,0.9481545122153584,1.0147806210386154,0.06662610882325704,1,166
