cdi_semantic,n_categories_bv,within_mean_bv,between_mean_bv,delta_between_minus_within_bv,n_within_pairs_bv,n_between_pairs_bv,n_categories_things,within_mean_things,between_mean_things,delta_between_minus_within_things,n_within_pairs_things,n_between_pairs_things
animals,5,0.7624175567366953,1.0271222159664943,0.264704659229799,10,400,5,0.9260212065362049,1.012024146784272,0.0860029402480672,10,400
body_parts,12,0.7810031266413575,1.0586930706914264,0.27768994405006886,66,876,12,0.8493256988450454,1.0410020005760026,0.19167630173095718,66,876
clothing,13,0.7738195932784822,1.040565176386094,0.26674558310761176,78,936,13,0.9141910210494648,1.0248650419028424,0.11067402085337763,78,936
food_drink,2,0.9469062452184348,1.0181990614590077,0.07129281624057293,1,166,2,0.9354731033306704,1.013504531828146,0.07803142849747557,1,166
furniture_rooms,14,0.8160557384977999,1.0436317659778274,0.22757602748002748,91,994,14,0.9424019467318641,1.024084800279296,0.08168285354743188,91,994
household,25,0.925898381439258,1.0393362315660915,0.1134378501268335,300,1500,25,0.9702730891141531,1.0280525266852638,0.0577794375711107,300,1500
outside,7,0.8540402981174551,1.0268974741572285,0.17285717603977346,21,546,7,0.9346966451797633,1.0179718466018022,0.08327520142203892,21,546
toys,5,0.8371361499988528,1.0171626997072094,0.18002654970835663,10,400,5,0.9364182813258269,1.0133919688949249,0.07697368756909795,10,400
vehicles,2,0.9481545122153584,1.0147806210386154,0.06662610882325704,1,166,2,0.9008704721901825,1.0117320505331906,0.11086157834300814,1,166
