n,pearson_r,pearson_p,spearman_rho,spearman_p,metric,model,n_categories
85,0.7273062688506614,3.208362350364675e-15,0.7539330453985811,8.226465926559404e-17,within_mean,dinov3,85
85,0.7975902709457247,6.526854906112403e-20,0.8293726793042798,1.0854518476052732e-22,between_mean,dinov3,85
85,0.7364160118929008,9.62783391235258e-16,0.7661324995114325,1.3091195290699123e-17,delta_between_minus_within,dinov3,85
