cdi_semantic,n_categories,within_mean,between_mean,delta_between_minus_within,n_within_pairs,n_between_pairs
animals,5,0.9260212065362049,1.012024146784272,0.0860029402480672,10,400
body_parts,12,0.8493256988450454,1.0410020005760026,0.19167630173095718,66,876
clothing,13,0.9141910210494648,1.0248650419028424,0.11067402085337763,78,936
food_drink,2,0.9354731033306704,1.013504531828146,0.07803142849747557,1,166
furniture_rooms,14,0.9424019467318641,1.024084800279296,0.08168285354743188,91,994
household,25,0.9702730891141531,1.0280525266852638,0.0577794375711107,300,1500
outside,7,0.9346966451797633,1.0179718466018022,0.08327520142203892,21,546
toys,5,0.9364182813258269,1.0133919688949249,0.07697368756909795,10,400
vehicles,2,0.9008704721901825,1.0117320505331906,0.11086157834300814,1,166
