label_display,n,proportion
skip,293,0.4185714285714286
real-life,118,0.16857142857142857
not real-life,289,0.41285714285714287
