category,n_non_skip,n_real-life,n_not real-life,p_not real-life | not skip,p_real-life | not skip
alligator,39,0,39,1.0,0.0
bird,51,3,48,0.9411764705882353,0.058823529411764705
butterfly,91,2,89,0.978021978021978,0.02197802197802198
cat,60,57,3,0.05,0.95
dog,71,55,16,0.22535211267605634,0.7746478873239436
frog,28,1,27,0.9642857142857143,0.03571428571428571
pony,67,0,67,1.0,0.0
