semantic_cluster,n_categories,n_pairs,bv_pearson_r,bv_spearman_r,bv_kendall_r,things_pearson_r,things_spearman_r,things_kendall_r
clothing,13,78,0.9726644717988973,0.9669697391216378,0.8548118548118548,0.8470890505837922,0.8325977819648704,0.643023643023643
toys,5,10,0.9710810488497017,0.9515151515151514,0.8222222222222221,0.9322156110139835,0.6848484848484848,0.5555555555555555
outside,7,21,0.9061595353865394,0.9467532467532468,0.8095238095238096,0.8209511301800879,0.725974025974026,0.580952380952381
household,25,300,0.9091205714204534,0.8675883065367392,0.6926198439241918,0.8265241845044303,0.6739172657473972,0.4948494983277592
body_parts,12,66,0.880945903958839,0.8603486066172634,0.6773892773892773,0.8187128775389462,0.6562363010124206,0.46759906759906755
furniture_rooms,14,91,0.8588075514514417,0.797372193024367,0.6097680097680097,0.7185346437356805,0.5672559324733238,0.40854700854700854
animals,5,10,0.825416887608047,0.7939393939393938,0.6,0.5675732366633588,0.41818181818181815,0.37777777777777777
