model,baseline,observed_spearman_r,null_mean_spearman_r,null_sd_spearman_r,empirical_p_two_sided,empirical_z,n_categories,n_pairs,n_permutations
clip,edge_value_shuffle,0.5743903359679347,0.00014691691747591311,0.016694397762085096,0.0001999600079984003,34.39737253177437,85,3570,5000
clip,independent_category_shuffle,0.5743903359679347,-8.45901755437582e-06,0.016800115655130454,0.0001999600079984003,34.19016908826386,85,3570,5000
dinov3,edge_value_shuffle,0.4542780451505613,-9.608043996215872e-05,0.016405759758060665,0.0001999600079984003,27.696012392207514,85,3570,5000
dinov3,independent_category_shuffle,0.4542780451505613,-0.00035144015077863595,0.01693972660400483,0.0001999600079984003,26.8380650940978,85,3570,5000
