model,n_categories,n_pairs,bv_vs_things_spearman_r,bv_vs_things_pearson_r,perm_null_mean_spearman,perm_null_sd_spearman,perm_empirical_p_two_sided,perm_empirical_z,semantic_block_vs_bv_spearman_r,semantic_block_vs_things_spearman_r,anchor_dataset,anchor_cross_model_spearman_r,anchor_cross_model_pearson_r
clip,85,3570,0.5743903359679347,0.7028877128335862,-0.0004935080911833924,0.016346905465526876,0.0001999600079984003,35.167747512597565,0.37662543613365784,0.40216520440694836,,,
dinov3,85,3570,0.4542780451505613,0.6240105645428914,-0.00017201050872763042,0.01694433613028676,0.0001999600079984003,26.820174726124122,0.34654705188807344,0.318961918068498,,,
clip_vs_dinov3_anchor,85,3570,,,,,,,,,bv,0.839000445946085,0.8887676073277049
clip_vs_dinov3_anchor,85,3570,,,,,,,,,things,0.5140162606271277,0.7019366165764918
