cdi_semantic,n_categories_subject,within_mean_subject,between_mean_subject,delta_between_minus_within_subject,n_within_pairs_subject,n_between_pairs_subject,n_categories_things,within_mean_things,between_mean_things,delta_between_minus_within_things,n_within_pairs_things,n_between_pairs_things,subject_id
animals,5,0.9316133415719452,1.0159140848261576,0.0843007432542124,10,370,5,0.9260212065362048,1.012024146784272,0.0860029402480672,10,400,participant_04
body_parts,12,0.8585837376869826,1.0411734972016775,0.1825897595146949,66,804,12,0.8493256988450454,1.0410020005760026,0.1916763017309571,66,876,participant_04
clothing,13,0.9210122030846686,1.0216618475124088,0.1006496444277402,78,858,13,0.9141910210494648,1.0248650419028424,0.1106740208533776,78,936,participant_04
food_drink,2,0.852666126341737,1.0215539605157855,0.1688878341740485,1,154,2,0.9354731033306704,1.013504531828146,0.0780314284974755,1,166,participant_04
furniture_rooms,14,0.8704282018011222,1.0361706761036984,0.1657424743025761,91,910,14,0.942401946731864,1.024084800279296,0.0816828535474318,91,994,participant_04
household,22,0.9841801468795686,1.0229498268555468,0.0387696799759782,231,1254,25,0.9702730891141532,1.0280525266852638,0.0577794375711107,300,1500,participant_04
outside,4,0.9631112424076566,1.0194138768347505,0.0563026344270939,6,300,7,0.9346966451797633,1.0179718466018022,0.0832752014220389,21,546,participant_04
toys,5,0.9121524281538382,1.0204860037145789,0.1083335755607406,10,370,5,0.9364182813258268,1.0133919688949249,0.0769736875690979,10,400,participant_04
vehicles,2,1.01095572296463,1.0183648304781645,0.0074091075135345,1,154,2,0.9008704721901823,1.0117320505331906,0.1108615783430081,1,166,participant_04
