cdi_semantic,n_categories_subject,within_mean_subject,between_mean_subject,delta_between_minus_within_subject,n_within_pairs_subject,n_between_pairs_subject,n_categories_things,within_mean_things,between_mean_things,delta_between_minus_within_things,n_within_pairs_things,n_between_pairs_things,subject_id
animals,5,0.7925733928160273,1.0303996907487445,0.2378262979327171,10,380,5,0.9260212065362048,1.012024146784272,0.0860029402480672,10,400,participant_02
body_parts,12,0.8238842720885334,1.0472733970869454,0.223389124998412,66,828,12,0.8493256988450454,1.0410020005760026,0.1916763017309571,66,876,participant_02
clothing,13,0.8104772188839033,1.0371565377586405,0.2266793188747369,78,884,13,0.9141910210494648,1.0248650419028424,0.1106740208533776,78,936,participant_02
food_drink,2,1.1019060814957575,1.0182910716802804,-0.0836150098154773,1,158,2,0.9354731033306704,1.013504531828146,0.0780314284974755,1,166,participant_02
furniture_rooms,13,0.8772619249560211,1.032968224276585,0.1557062993205639,78,884,14,0.942401946731864,1.024084800279296,0.0816828535474318,91,994,participant_02
household,23,0.9594474564980155,1.0286466128103957,0.06919915631238,253,1334,25,0.9702730891141532,1.0280525266852638,0.0577794375711107,300,1500,participant_02
outside,6,0.9652144820561778,1.020011576410092,0.0547970943539141,15,450,7,0.9346966451797633,1.0179718466018022,0.0832752014220389,21,546,participant_02
toys,5,0.8298167138448236,1.0238054856346948,0.1939887717898711,10,380,5,0.9364182813258268,1.0133919688949249,0.0769736875690979,10,400,participant_02
vehicles,2,0.9775897633023248,1.0134883508828716,0.0358985875805468,1,158,2,0.9008704721901823,1.0117320505331906,0.1108615783430081,1,166,participant_02
