cdi_semantic,n_categories_subject,within_mean_subject,between_mean_subject,delta_between_minus_within_subject,n_within_pairs_subject,n_between_pairs_subject,n_categories_things,within_mean_things,between_mean_things,delta_between_minus_within_things,n_within_pairs_things,n_between_pairs_things,subject_id
animals,5,0.7594342616249771,1.0219653740479515,0.2625311124229746,10,395,5,0.9260212065362048,1.012024146784272,0.0860029402480672,10,400,participant_01
body_parts,12,0.8282519341226495,1.043454272131754,0.2152023380091043,66,864,12,0.8493256988450454,1.0410020005760026,0.1916763017309571,66,876,participant_01
clothing,13,0.8879893867993754,1.0293278283478318,0.1413384415484563,78,923,13,0.9141910210494648,1.0248650419028424,0.1106740208533776,78,936,participant_01
food_drink,2,1.0070612978540718,1.0187057782979645,0.0116444804438926,1,164,2,0.9354731033306704,1.013504531828146,0.0780314284974755,1,166,participant_01
furniture_rooms,14,0.8205006418649727,1.0460038115987702,0.2255031697337974,91,980,14,0.942401946731864,1.024084800279296,0.0816828535474318,91,994,participant_01
household,25,0.9554247157164912,1.0323882520172762,0.0769635363007849,300,1475,25,0.9702730891141532,1.0280525266852638,0.0577794375711107,300,1500,participant_01
outside,7,0.9542971462588656,1.0203930937963337,0.0660959475374677,21,539,7,0.9346966451797633,1.0179718466018022,0.0832752014220389,21,546,participant_01
toys,5,0.8795345641465364,1.0170615258259752,0.1375269616794388,10,395,5,0.9364182813258268,1.0133919688949249,0.0769736875690979,10,400,participant_01
vehicles,1,,1.0105586996224003,,0,83,2,0.9008704721901823,1.0117320505331906,0.1108615783430081,1,166,participant_01
