cdi_semantic,n_categories_subject,within_mean_subject,between_mean_subject,delta_between_minus_within_subject,n_within_pairs_subject,n_between_pairs_subject,n_categories_things,within_mean_things,between_mean_things,delta_between_minus_within_things,n_within_pairs_things,n_between_pairs_things,subject_id
animals,5,0.8244047334444412,1.027454442119658,0.2030497086752166,10,350,5,0.9260212065362048,1.012024146784272,0.0860029402480672,10,400,participant_03
body_parts,12,0.8378403061131442,1.050388905688441,0.2125485995752968,66,756,12,0.8493256988450454,1.0410020005760026,0.1916763017309571,66,876,participant_03
clothing,13,0.8978572730887958,1.035450986819778,0.137593713730982,78,806,13,0.9141910210494648,1.0248650419028424,0.1106740208533776,78,936,participant_03
food_drink,2,1.0002310417756886,1.0152698618890763,0.0150388201133879,1,146,2,0.9354731033306704,1.013504531828146,0.0780314284974755,1,166,participant_03
furniture_rooms,14,0.8621198441212411,1.0437559737916635,0.1816361296704224,91,854,14,0.942401946731864,1.024084800279296,0.0816828535474318,91,994,participant_03
household,23,0.9545002029069825,1.0313804243128404,0.076880221405858,253,1196,25,0.9702730891141532,1.0280525266852638,0.0577794375711107,300,1500,participant_03
toys,5,0.8930157338517105,1.0184252904398143,0.1254095565881038,10,350,5,0.9364182813258268,1.0133919688949249,0.0769736875690979,10,400,participant_03
vehicles,1,,1.0142440903338847,,0,74,2,0.9008704721901823,1.0117320505331906,0.1108615783430081,1,166,participant_03
