cdi_semantic,n_categories_subject,within_mean_subject,between_mean_subject,delta_between_minus_within_subject,n_within_pairs_subject,n_between_pairs_subject,n_categories_things,within_mean_things,between_mean_things,delta_between_minus_within_things,n_within_pairs_things,n_between_pairs_things,subject_id
animals,4,0.8044188147764336,1.0301971665826146,0.225778351806181,6,252,5,0.9260212065362048,1.012024146784272,0.0860029402480672,10,400,participant_06
body_parts,11,0.869820604579151,1.0410274290802686,0.1712068245011175,55,616,12,0.8493256988450454,1.0410020005760026,0.1916763017309571,66,876,participant_06
clothing,9,0.8407964017433708,1.0381725990524844,0.1973761973091136,36,522,13,0.9141910210494648,1.0248650419028424,0.1106740208533776,78,936,participant_06
food_drink,2,0.9318019370545214,1.0189412565821967,0.0871393195276752,1,130,2,0.9354731033306704,1.013504531828146,0.0780314284974755,1,166,participant_06
furniture_rooms,10,0.8712478648582577,1.0400873637834387,0.168839498925181,45,570,14,0.942401946731864,1.024084800279296,0.0816828535474318,91,994,participant_06
household,22,0.9440319253944564,1.041010108623734,0.0969781832292775,231,990,25,0.9702730891141532,1.0280525266852638,0.0577794375711107,300,1500,participant_06
outside,3,1.0390818971414628,1.0150542684037265,-0.0240276287377365,3,192,7,0.9346966451797633,1.0179718466018022,0.0832752014220389,21,546,participant_06
toys,5,0.8921275550243555,1.0216788649059152,0.1295513098815597,10,310,5,0.9364182813258268,1.0133919688949249,0.0769736875690979,10,400,participant_06
vehicles,1,,1.021030865591563,,0,66,2,0.9008704721901823,1.0117320505331906,0.1108615783430081,1,166,participant_06
