cdi_semantic,n_categories_subject,within_mean_subject,between_mean_subject,delta_between_minus_within_subject,n_within_pairs_subject,n_between_pairs_subject,n_categories_things,within_mean_things,between_mean_things,delta_between_minus_within_things,n_within_pairs_things,n_between_pairs_things,subject_id
animals,5,0.9254870586330478,1.017583826436543,0.0920967678034955,10,380,5,0.9260212065362048,1.012024146784272,0.0860029402480672,10,400,participant_05
body_parts,12,0.8605275635964552,1.0374120051473734,0.1768844415509182,66,828,12,0.8493256988450454,1.0410020005760026,0.1916763017309571,66,876,participant_05
clothing,13,0.9208468139169192,1.0246127725634704,0.1037659586465511,78,884,13,0.9141910210494648,1.0248650419028424,0.1106740208533776,78,936,participant_05
food_drink,2,0.8597106853992192,1.0147921455683984,0.1550814601691791,1,158,2,0.9354731033306704,1.013504531828146,0.0780314284974755,1,166,participant_05
furniture_rooms,12,0.8716164922003792,1.0340865995362811,0.1624701073359021,66,828,14,0.942401946731864,1.024084800279296,0.0816828535474318,91,994,participant_05
household,24,0.9908012065801496,1.0218527831499693,0.0310515765698198,276,1368,25,0.9702730891141532,1.0280525266852638,0.0577794375711107,300,1500,participant_05
outside,6,0.8537108962544819,1.023197795089427,0.1694868988349451,15,450,7,0.9346966451797633,1.0179718466018022,0.0832752014220389,21,546,participant_05
toys,5,0.9431003287736844,1.0143335675915393,0.0712332388178549,10,380,5,0.9364182813258268,1.0133919688949249,0.0769736875690979,10,400,participant_05
vehicles,2,0.9244658451536296,1.013806423261688,0.0893405781080582,1,158,2,0.9008704721901823,1.0117320505331906,0.1108615783430081,1,166,participant_05
