cdi_semantic,n_categories_subject,within_mean_subject,between_mean_subject,delta_between_minus_within_subject,n_within_pairs_subject,n_between_pairs_subject,n_categories_things,within_mean_things,between_mean_things,delta_between_minus_within_things,n_within_pairs_things,n_between_pairs_things,subject_id
animals,5,0.8213146868651375,1.0226037598407216,0.201289072975584,10,325,5,0.9260212065362048,1.012024146784272,0.0860029402480672,10,400,participant_07
body_parts,11,0.8550840141922774,1.0437488933343275,0.1886648791420503,55,649,12,0.8493256988450454,1.0410020005760026,0.1916763017309571,66,876,participant_07
clothing,12,0.9504112836488684,1.029029710015443,0.0786184263665745,66,696,13,0.9141910210494648,1.0248650419028424,0.1106740208533776,78,936,participant_07
food_drink,1,,1.014130735999519,,0,69,2,0.9354731033306704,1.013504531828146,0.0780314284974755,1,166,participant_07
furniture_rooms,10,0.8808734501028707,1.0334159300934376,0.1525424799905669,45,600,14,0.942401946731864,1.024084800279296,0.0816828535474318,91,994,participant_07
household,22,0.965013035563312,1.0308707869609255,0.0658577513976138,231,1056,25,0.9702730891141532,1.0280525266852638,0.0577794375711107,300,1500,participant_07
outside,3,1.022858801312256,1.0172958912192844,-0.0055629100929717,3,201,7,0.9346966451797633,1.0179718466018022,0.0832752014220389,21,546,participant_07
toys,4,1.0246575352565677,1.0150209129578558,-0.0096366222987118,6,264,5,0.9364182813258268,1.0133919688949249,0.0769736875690979,10,400,participant_07
vehicles,2,1.0664467649473226,1.0152289420208993,-0.0512178229264232,1,136,2,0.9008704721901823,1.0117320505331906,0.1108615783430081,1,166,participant_07
