subject_id,n_categories,n_valid85_total,pct_coverage
participant_01,84,85,98.82352941176472
participant_02,81,85,95.29411764705884
participant_03,75,85,88.23529411764706
participant_04,79,85,92.94117647058825
participant_05,81,85,95.29411764705884
participant_06,67,85,78.82352941176471
participant_07,70,85,82.3529411764706
participant_08,72,85,84.70588235294117
