model,source,n_pairs,pearson_r_template_dissim_vs_rdm,pearson_p_template_dissim_vs_rdm,spearman_rho_template_dissim_vs_rdm,spearman_p_template_dissim_vs_rdm
babydinov3,babyview,8256,0.37147590500823013,1.673301172919432e-268,0.3183657204657963,7.854065584931903e-194
babydinov3,things,8256,0.4372589258991235,0.0,0.3690051407056557,1.0630495757581815e-264
clip,babyview,8256,0.41628041764034873,0.0,0.35330657890764233,2.628072384676282e-241
clip,things,8256,0.5064536341653711,0.0,0.4077710641057646,0.0
dinov3,babyview,8256,0.4045076080746759,1.2e-322,0.3435483942183597,2.0148706039546418e-227
dinov3,things,8256,0.3505518465098401,2.4520945633972673e-237,0.27448548030229575,1.2823927226214943e-142
