model,source,n_within_pairs,n_between_pairs,within_mean_distance,between_mean_distance,delta_between_minus_within,ratio_between_over_within
clip,babyview,1239,7017,0.8037350502403589,1.0430458448983218,0.2393107946579629,1.2977483619588277
clip,things,1239,7017,0.8516407632001328,1.0347580243891183,0.18311726118898553,1.2150170225540902
dinov3,babyview,1239,7017,0.8531734911206732,1.0341263460622958,0.1809528549416226,1.2120938552649294
dinov3,things,1239,7017,0.9490699602185393,1.0179003450975812,0.06883038487904192,1.0725240369668771
