model,n_categories,n_pairs,bv_vs_things_spearman_r,bv_vs_things_pearson_r,perm_null_mean_spearman,perm_null_sd_spearman,perm_empirical_p_two_sided,perm_empirical_z,semantic_block_vs_bv_spearman_r,semantic_block_vs_things_spearman_r,anchor_dataset,anchor_cross_model_spearman_r,anchor_cross_model_pearson_r
clip,129,8256,0.5536067100159698,0.6686133757037991,-3.844828079662962e-05,0.01113089654318738,0.0001999600079984003,49.73949367860069,0.3533065789076423,0.4077710641057646,,,
dinov3,129,8256,0.40178019897111683,0.5490032045564797,-0.0003113685248314563,0.011034385249624027,0.0001999600079984003,36.43987031114477,0.3435483942183597,0.27448548030229575,,,
babydinov3,129,8256,0.5138413450148154,0.5850874082412313,-0.00014871207894360372,0.010822351096914798,0.0001999600079984003,47.49338220904627,0.3183657204657963,0.3690051407056557,,,
clip_vs_dinov3_anchor,129,8256,,,,,,,,,bv,0.8741568009114516,0.9067199704618112
clip_vs_dinov3_anchor,129,8256,,,,,,,,,things,0.48733023804459336,0.6789169889835643
