dataset,model_a,model_b,n_categories,n_pairs,pearson_r,pearson_p,spearman_r,spearman_p,kendall_r,kendall_p,mae,rmse
bv,clip,dinov3,129,8256,0.9067199704618112,0.0,0.8741568009114516,0.0,0.6950298503608335,0.0,0.07162645623512649,0.0905222108069536
bv,clip,babydinov3,129,8256,0.8738938276475964,0.0,0.8483807154995677,0.0,0.6597911648566289,0.0,0.08107378754917365,0.10189728074788917
bv,dinov3,babydinov3,129,8256,0.838300535775421,0.0,0.8136479295615683,0.0,0.6216219674240182,0.0,0.08693772723222604,0.1092863946940252
things,clip,dinov3,129,8256,0.6789169889835643,0.0,0.48733023804459336,0.0,0.3415694152944656,0.0,0.07432833590594168,0.09642024643551282
things,clip,babydinov3,129,8256,0.660130233165896,0.0,0.5444831152945446,0.0,0.3822137980739885,0.0,0.08317853403954333,0.10559477064516544
things,dinov3,babydinov3,129,8256,0.5374908329201638,0.0,0.41099973193637873,0.0,0.28265333671394827,0.0,0.08251370167321287,0.10709431891962312
