model,baseline,observed_spearman_r,null_mean_spearman_r,null_sd_spearman_r,empirical_p_two_sided,empirical_z,n_categories,n_pairs,n_permutations
clip,things_label_shuffle,0.5536067100159698,-4.208339109269921e-06,0.0110719062982391,0.0001999600079984003,50.001409277924004,129,8256,5000
dinov3,things_label_shuffle,0.40178019897111683,9.295588012717398e-06,0.010963956169338865,0.0001999600079984003,36.644701706308126,129,8256,5000
