cdi_semantic,n_categories,observed_delta_between_minus_within,null_mean_delta_between_minus_within,obs_minus_null_mean,null_std_delta_between_minus_within,z_obs_minus_null_mean,p_perm_two_sided,n_perm,n_perm_valid
household,34,0.1084746398965426,-5.88953174692452e-05,0.10853353521401185,0.008799495849663498,12.334062890450966,0.0004997501249375312,2000,2000
food_drink,23,0.3481949338295658,-0.0001946079006262873,0.3483895417301921,0.012917817240222642,26.969691183228687,0.0004997501249375312,2000,2000
clothing,18,0.31987989586945165,-0.0005245307830120731,0.3204044266524637,0.01599843609440627,20.027234209754457,0.0004997501249375312,2000,2000
furniture_rooms,15,0.3897128055607242,-0.00037170956499992723,0.3900845151257241,0.02017809711163112,19.33207640778329,0.0004997501249375312,2000,2000
body_parts,13,0.43988944026047094,0.00066261643702285,0.4392268238234481,0.0232763981512544,18.8700511552204,0.0004997501249375312,2000,2000
outside,11,0.26233549960540414,-0.0001601145871383788,0.2624956141925425,0.027815952232621066,9.43687320129568,0.0004997501249375312,2000,2000
animals,7,0.3215041872611336,-0.0015326030927399225,0.32303679035387356,0.04284875536871312,7.53900055145465,0.0004997501249375312,2000,2000
toys,5,0.18095250509874328,-0.0003829244762662125,0.18133542957500948,0.06425076958929157,2.8223075106205724,0.013993003498250875,2000,2000
vehicles,3,0.40271238105732643,-0.003048072761056369,0.40576045381838277,0.11804108031998639,3.4374512052790873,0.0079960019990005,2000,2000
