dataset,comparison,n_categories,n_pairs,pearson_r,pearson_p,spearman_r,spearman_p,kendall_r,kendall_p,mae,rmse
bv,rdm_lower_triangle,129,8256,0.8383005357754207,0.0,0.8136479295615683,0.0,0.6216219674240182,0.0,0.08693772723222604,0.1092863946940252
things,rdm_lower_triangle,129,8256,0.5374908329201636,0.0,0.41099973193637873,0.0,0.28265333671394827,0.0,0.08251370167321287,0.10709431891962312
per_category,bv_vs_things_cosine_dinov3_vs_babydinov3,129,129,0.3551031533864031,3.637988794794523e-05,0.3272249552772809,0.00015362268923051255,0.2250484496124031,0.00015512359780251914,0.17119645218191915,0.20843818495773114
