subject,n_pairs,mean_pearson_r,mean_spearman_rho
Subject 2,7,0.8335203904788531,0.8089488565482507
Subject 3,7,0.8285475471283374,0.8048335831596234
Subject 4,7,0.8284375161885773,0.8032490010135541
Subject 1,7,0.8222861047169996,0.7897582370021621
Subject 5,7,0.8203540512943218,0.7892994709417734
Subject 7,7,0.8090320811084627,0.7769473223466924
Subject 8,7,0.7989308142306315,0.7629940563537491
Subject 6,7,0.7882946815291074,0.760514828041279
