category_set,n_categories,pearson_r,pearson_p,spearman_rho,spearman_p
valid129,129,0.3383414237037888,8.791809564226929e-05,0.43473314418600423,2.6339327081403607e-07
