category_set,n_categories,pearson_r,pearson_p,spearman_rho,spearman_p
valid85,85,0.21767497703383934,0.04536918896068485,0.23085267777970414,0.03353278475691706
