subject,n_categories_subject,n_pairs_upper,n_pairs_lower,upper_pearson_r,lower_pearson_r,upper_spearman_rho,lower_spearman_rho
Subject 1,129,8256,8256,0.9352385344237895,0.9145929957405865,0.9197833363873246,0.8955498218057414
Subject 2,129,8256,8256,0.9354811707919031,0.9144102325911163,0.9271074741489481,0.9031577244332415
Subject 3,129,8256,8256,0.9408635111352828,0.9214989892871366,0.9317451651800388,0.9093547623414849
Subject 4,128,8128,8128,0.9433709994298118,0.9242618196510894,0.9359371457391705,0.9137138945368242
Subject 5,129,8256,8256,0.9361057381924897,0.916213057708768,0.9198981483155981,0.8959532206778065
Subject 6,128,8128,8128,0.9034424210969636,0.8743593327374164,0.8924438663600122,0.8609382024749674
Subject 7,129,8256,8256,0.9240630345999425,0.9003879639748995,0.9129362266902287,0.8853180320486661
Subject 8,129,8256,8256,0.90543059034794,0.8752312423508817,0.8850196336395831,0.8486168991195727
