subject,n_categories_subject,n_pairs_upper,n_pairs_lower,upper_pearson_r,lower_pearson_r,upper_spearman_rho,lower_spearman_rho
Subject 1,129,8256,8256,0.9322078932940456,0.9097199176138246,0.9181938528666276,0.8919694420257668
Subject 2,129,8256,8256,0.9311029572985988,0.9094531881047824,0.9216023110429153,0.8972928352359735
Subject 3,129,8256,8256,0.9350450298875688,0.913840260981424,0.9244538960510467,0.8997059494405457
Subject 4,128,8128,8128,0.9263316809729596,0.9026148313087039,0.918280021570168,0.8919079584161285
Subject 5,129,8256,8256,0.9334458179889795,0.91149431415371,0.9237997085475137,0.897922935678578
Subject 6,128,8128,8128,0.8948479280018928,0.8630154905994869,0.8821048489040386,0.8478016666601071
Subject 7,129,8256,8256,0.9087409331788575,0.8792489416801017,0.9015320663080589,0.8682906268261328
Subject 8,129,8256,8256,0.8979846511908782,0.8656909614442223,0.8827959590601534,0.8453788769558039
