cdi_semantic,n_categories_subject,within_mean_subject,between_mean_subject,delta_between_minus_within_subject,n_within_pairs_subject,n_between_pairs_subject,n_categories_things,within_mean_things,between_mean_things,delta_between_minus_within_things,n_within_pairs_things,n_between_pairs_things,subject_id
animals,5,0.8321383530286213,1.0248537633192802,0.19271541029065897,10,370,5,0.7099354438021389,1.034406369397164,0.324470925595025,10,400,00400002
body_parts,12,0.7577583228812618,1.0514463881195688,0.29368806523830704,66,804,12,0.7365995866213918,1.0566504102354566,0.3200508236140648,66,876,00400002
clothing,13,0.8396101184730472,1.0328836161230224,0.19327349764997515,78,858,13,0.7539568449165451,1.0468950058724127,0.29293816095586755,78,936,00400002
food_drink,2,0.7888126717994791,1.0231017103318354,0.23428903853235628,1,154,2,0.8274018142113997,1.0197641299166196,0.1923623157052199,1,166,00400002
furniture_rooms,14,0.8270042845422801,1.0429721800648113,0.21596789552253115,91,910,14,0.7751758282397301,1.0540448682077466,0.2788690399680165,91,994,00400002
household,22,0.9762852622888225,1.0278076712624322,0.05152240897360971,231,1254,25,0.9454481456668172,1.03594270561401,0.0904945599471928,300,1500,00400002
outside,4,0.9212632935153221,1.0257696744807845,0.10450638096546239,6,300,7,0.8089574879696948,1.0294181023894886,0.2204606144197938,21,546,00400002
toys,5,0.8909716403546403,1.0280039276558528,0.13703228730121253,10,370,5,0.9046339833881298,1.0184409209153116,0.11380693752718174,10,400,00400002
vehicles,2,0.9998597938108208,1.0198088661007758,0.019949072289955017,1,154,2,0.8190736507653066,1.0189801034888586,0.199906452723552,1,166,00400002
