cdi_semantic,n_categories_subject,within_mean_subject,between_mean_subject,delta_between_minus_within_subject,n_within_pairs_subject,n_between_pairs_subject,n_categories_things,within_mean_things,between_mean_things,delta_between_minus_within_things,n_within_pairs_things,n_between_pairs_things,subject_id
animals,5,0.690602268742286,1.0317522791076223,0.3411500103653363,10,395,5,0.7099354438021389,1.034406369397164,0.324470925595025,10,400,00400001
body_parts,12,0.6876546752604091,1.0575030432110297,0.3698483679506206,66,864,12,0.7365995866213918,1.0566504102354566,0.3200508236140648,66,876,00400001
clothing,13,0.8481042249464611,1.0338165275412057,0.18571230259474458,78,923,13,0.7539568449165451,1.0468950058724127,0.29293816095586755,78,936,00400001
food_drink,2,1.0217791604857205,1.0201072772026272,-0.0016718832830933117,1,164,2,0.8274018142113997,1.0197641299166196,0.1923623157052199,1,166,00400001
furniture_rooms,14,0.778038162111131,1.052403287089056,0.2743651249779251,91,980,14,0.7751758282397301,1.0540448682077466,0.2788690399680165,91,994,00400001
household,25,0.9431738280358885,1.038134323814175,0.09496049577828647,300,1475,25,0.9454481456668172,1.03594270561401,0.0904945599471928,300,1500,00400001
outside,7,0.9148712950159034,1.0281289871915535,0.11325769217565018,21,539,7,0.8089574879696948,1.0294181023894886,0.2204606144197938,21,546,00400001
toys,5,0.8720532685198776,1.0216495920804105,0.14959632356053287,10,395,5,0.9046339833881298,1.0184409209153116,0.11380693752718174,10,400,00400001
vehicles,1,,1.0141730846998638,,0,83,2,0.8190736507653066,1.0189801034888586,0.199906452723552,1,166,00400001
