cdi_semantic,n_categories_subject,within_mean_subject,between_mean_subject,delta_between_minus_within_subject,n_within_pairs_subject,n_between_pairs_subject,n_categories_things,within_mean_things,between_mean_things,delta_between_minus_within_things,n_within_pairs_things,n_between_pairs_things,subject_id
animals,5,0.794432923461952,1.026345314380865,0.23191239091891291,10,325,5,0.7099354438021389,1.034406369397164,0.324470925595025,10,400,00430001
body_parts,11,0.7622529761325733,1.0550527010703956,0.29279972493782236,55,649,12,0.7365995866213918,1.0566504102354566,0.3200508236140648,66,876,00430001
clothing,12,0.8922402887501312,1.0403459852999453,0.1481056965498141,66,696,13,0.7539568449165451,1.0468950058724127,0.29293816095586755,78,936,00430001
food_drink,1,,1.0177522908549188,,0,69,2,0.8274018142113997,1.0197641299166196,0.1923623157052199,1,166,00430001
furniture_rooms,10,0.8554269707604106,1.0378970671869747,0.1824700964265641,45,600,14,0.7751758282397301,1.0540448682077466,0.2788690399680165,91,994,00430001
household,22,0.9398736059878025,1.0409747968488174,0.10110119086101499,231,1056,25,0.9454481456668172,1.03594270561401,0.0904945599471928,300,1500,00430001
outside,3,1.0340341729189044,1.0182680012836036,-0.015766171635300807,3,201,7,0.8089574879696948,1.0294181023894886,0.2204606144197938,21,546,00430001
toys,4,1.0181646597874012,1.0200269966242814,0.0018623368368801962,6,264,5,0.9046339833881298,1.0184409209153116,0.11380693752718174,10,400,00430001
vehicles,2,1.0202635477998192,1.015567697233653,-0.004695850566166282,1,136,2,0.8190736507653066,1.0189801034888586,0.199906452723552,1,166,00430001
