cdi_semantic,n_categories_subject,within_mean_subject,between_mean_subject,delta_between_minus_within_subject,n_within_pairs_subject,n_between_pairs_subject,n_categories_things,within_mean_things,between_mean_things,delta_between_minus_within_things,n_within_pairs_things,n_between_pairs_things,subject_id
animals,5,0.8415110729356099,1.0242580648563726,0.1827469919207627,10,380,5,0.7099354438021389,1.034406369397164,0.324470925595025,10,400,00500001
body_parts,12,0.7754150207146936,1.046032908590842,0.2706178878761484,66,828,12,0.7365995866213918,1.0566504102354566,0.3200508236140648,66,876,00500001
clothing,13,0.8519874026309819,1.0347958729106865,0.1828084702797046,78,884,13,0.7539568449165451,1.0468950058724127,0.29293816095586755,78,936,00500001
food_drink,2,0.8829313458383519,1.0179391018406017,0.1350077560022498,1,158,2,0.8274018142113997,1.0197641299166196,0.1923623157052199,1,166,00500001
furniture_rooms,12,0.788426135499113,1.0432658170193194,0.2548396815202064,66,828,14,0.7751758282397301,1.0540448682077466,0.2788690399680165,91,994,00500001
household,24,0.9634087621545127,1.0339622872670258,0.07055352511251312,276,1368,25,0.9454481456668172,1.03594270561401,0.0904945599471928,300,1500,00500001
outside,6,0.8376498417766222,1.0266532433389584,0.1890034015623362,15,450,7,0.8089574879696948,1.0294181023894886,0.2204606144197938,21,546,00500001
toys,5,0.9092484462290124,1.02473794222005,0.11548949599103764,10,380,5,0.9046339833881298,1.0184409209153116,0.11380693752718174,10,400,00500001
vehicles,2,0.8527690018363737,1.0185449799790187,0.165775978142645,1,158,2,0.8190736507653066,1.0189801034888586,0.199906452723552,1,166,00500001
