cdi_semantic,n_categories_subject,within_mean_subject,between_mean_subject,delta_between_minus_within_subject,n_within_pairs_subject,n_between_pairs_subject,n_categories_things,within_mean_things,between_mean_things,delta_between_minus_within_things,n_within_pairs_things,n_between_pairs_things,subject_id
animals,5,0.7633013814612085,1.0310430077890196,0.26774162632781107,10,335,5,0.7099354438021389,1.034406369397164,0.324470925595025,10,400,00240001
body_parts,12,0.7492336718511775,1.0548898293864528,0.3056561575352753,66,720,12,0.7365995866213918,1.0566504102354566,0.3200508236140648,66,876,00240001
clothing,11,0.8169006712956345,1.0402520323852291,0.22335136108959464,55,671,13,0.7539568449165451,1.0468950058724127,0.29293816095586755,78,936,00240001
food_drink,2,0.959840722903561,1.0199991522190235,0.06015842931546245,1,140,2,0.8274018142113997,1.0197641299166196,0.1923623157052199,1,166,00240001
furniture_rooms,11,0.7992392760661285,1.0504990564646128,0.2512597803984843,55,671,14,0.7751758282397301,1.0540448682077466,0.2788690399680165,91,994,00240001
household,23,0.9488853685419114,1.0457672453077722,0.0968818767658608,253,1127,25,0.9454481456668172,1.03594270561401,0.0904945599471928,300,1500,00240001
outside,3,0.9380564512899934,1.0192227105683476,0.08116625927835419,3,207,7,0.8089574879696948,1.0294181023894886,0.2204606144197938,21,546,00240001
toys,4,0.894463170243455,1.0229209427002894,0.12845777245683443,6,272,5,0.9046339833881298,1.0184409209153116,0.11380693752718174,10,400,00240001
vehicles,1,,1.0170988817204136,,0,71,2,0.8190736507653066,1.0189801034888586,0.199906452723552,1,166,00240001
