cdi_semantic,n_categories_subject,within_mean_subject,between_mean_subject,delta_between_minus_within_subject,n_within_pairs_subject,n_between_pairs_subject,n_categories_things,within_mean_things,between_mean_things,delta_between_minus_within_things,n_within_pairs_things,n_between_pairs_things,subject_id
animals,5,0.735191929999045,1.0359155447183697,0.30072361471932463,10,380,5,0.7099354438021389,1.034406369397164,0.324470925595025,10,400,00370002
body_parts,12,0.6617751749699149,1.0621125190009295,0.4003373440310146,66,828,12,0.7365995866213918,1.0566504102354566,0.3200508236140648,66,876,00370002
clothing,13,0.7571854405707507,1.0454141640100454,0.28822872343929473,78,884,13,0.7539568449165451,1.0468950058724127,0.29293816095586755,78,936,00370002
food_drink,2,0.977365592779825,1.020628435608362,0.043262842828536874,1,158,2,0.8274018142113997,1.0197641299166196,0.1923623157052199,1,166,00370002
furniture_rooms,13,0.8135437785805526,1.0444021695386843,0.23085839095813165,78,884,14,0.7751758282397301,1.0540448682077466,0.2788690399680165,91,994,00370002
household,23,0.9321005441993446,1.0407473729997814,0.10864682880043675,253,1334,25,0.9454481456668172,1.03594270561401,0.0904945599471928,300,1500,00370002
outside,6,0.933770141953102,1.025990211700377,0.09222006974727492,15,450,7,0.8089574879696948,1.0294181023894886,0.2204606144197938,21,546,00370002
toys,5,0.8405025713504312,1.0297410084591194,0.18923843710868826,10,380,5,0.9046339833881298,1.0184409209153116,0.11380693752718174,10,400,00370002
vehicles,2,0.8448254910559172,1.0192026015287177,0.17437711047280047,1,158,2,0.8190736507653066,1.0189801034888586,0.199906452723552,1,166,00370002
