cdi_semantic,n_categories_subject,within_mean_subject,between_mean_subject,delta_between_minus_within_subject,n_within_pairs_subject,n_between_pairs_subject,n_categories_things,within_mean_things,between_mean_things,delta_between_minus_within_things,n_within_pairs_things,n_between_pairs_things,subject_id
animals,5,0.755143004383258,1.037810384606164,0.28266738022290594,10,350,5,0.7099354438021389,1.034406369397164,0.324470925595025,10,400,00320001
body_parts,12,0.6954348391698755,1.0721842712251446,0.3767494320552691,66,756,12,0.7365995866213918,1.0566504102354566,0.3200508236140648,66,876,00320001
clothing,13,0.8794230444019254,1.0369108612010525,0.15748781679912705,78,806,13,0.7539568449165451,1.0468950058724127,0.29293816095586755,78,936,00320001
food_drink,2,0.9756857847389339,1.0200747362721463,0.04438895153321243,1,146,2,0.8274018142113997,1.0197641299166196,0.1923623157052199,1,166,00320001
furniture_rooms,14,0.7753636107899015,1.057221532449607,0.2818579216597056,91,854,14,0.7751758282397301,1.0540448682077466,0.2788690399680165,91,994,00320001
household,23,0.9361536261881839,1.041802085999642,0.1056484598114581,253,1196,25,0.9454481456668172,1.03594270561401,0.0904945599471928,300,1500,00320001
toys,5,0.8562542239033242,1.028365347715042,0.1721111238117179,10,350,5,0.9046339833881298,1.0184409209153116,0.11380693752718174,10,400,00320001
vehicles,1,,1.0121453652362726,,0,74,2,0.8190736507653066,1.0189801034888586,0.199906452723552,1,166,00320001
