cdi_semantic,n_categories,within_mean,between_mean,delta_between_minus_within,n_within_pairs,n_between_pairs
animals,5,0.7099354438021389,1.034406369397164,0.324470925595025,10,400
body_parts,12,0.7365995866213918,1.0566504102354566,0.3200508236140648,66,876
clothing,13,0.7539568449165451,1.0468950058724127,0.29293816095586755,78,936
food_drink,2,0.8274018142113997,1.0197641299166196,0.1923623157052199,1,166
furniture_rooms,14,0.7751758282397301,1.0540448682077466,0.2788690399680165,91,994
household,25,0.9454481456668172,1.03594270561401,0.0904945599471928,300,1500
outside,7,0.8089574879696948,1.0294181023894886,0.2204606144197938,21,546
toys,5,0.9046339833881298,1.0184409209153116,0.11380693752718174,10,400
vehicles,2,0.8190736507653066,1.0189801034888586,0.199906452723552,1,166
