subject_id,n_categories,n_categories_in_set,pct_coverage
00400001,84,85,98.82352941176471
00370002,81,85,95.29411764705883
00320001,75,85,88.23529411764706
00400002,79,85,92.94117647058823
00500001,81,85,95.29411764705883
00510002,67,85,78.82352941176471
00430001,70,85,82.3529411764706
00240001,72,85,84.70588235294117
