model,cdi_semantic,n_categories,delta_between_minus_within_bv,delta_between_minus_within_th,obs_delta_diff_bv_minus_th,bv_vs_th_shuffle_p_one_sided_gt,bv_vs_th_shuffle_q_one_sided_gt_fdr_bh,sig_star_bv_gt_th_fdr
,animals,,0.26211444578318466,0.07151754676041011,0.19059689902277455,0.0007998400319936012,0.0010283657554203446,**
,body_parts,,0.2958962077189031,0.2089360315032156,0.08696017621568752,0.0007998400319936012,0.0010283657554203446,**
,clothing,,0.27121762468655175,0.09411201596054553,0.17710560872600623,0.0001999600079984003,0.0004499100179964007,***
,food_drink,,0.2669426312075147,0.060792119839576775,0.20615051136793794,0.0001999600079984003,0.0004499100179964007,***
,furniture_rooms,,0.2895240392392744,0.09284883325256288,0.1966752059867115,0.0001999600079984003,0.0004499100179964007,***
,household,,0.07820122566357535,0.0416315691981618,0.03656965646541355,0.0001999600079984003,0.0004499100179964007,***
,outside,,0.1920698919676691,0.08022001891230623,0.11184987305536287,0.0003999200159968006,0.0007198560287942411,***
,toys,,0.16725588401185087,0.07565872182451683,0.09159716218733405,0.03699260147970406,0.03699260147970406,*
,vehicles,,0.32406041406138975,0.0924156017817449,0.23164481227964484,0.01279744051189762,0.014397120575884822,*
