model,cdi_semantic,n_categories,delta_between_minus_within_bv,delta_between_minus_within_th,obs_delta_diff_bv_minus_th,bv_vs_th_shuffle_p_one_sided_gt,bv_vs_th_shuffle_q_one_sided_gt_fdr_bh,sig_star_bv_gt_th_fdr
,animals,,0.32658121526148853,0.3118287621829413,0.014752453078547223,0.29514097180563886,0.33203359328134374,
,body_parts,,0.2965251142865839,0.2473159025837104,0.04920921170287351,0.021795640871825634,0.04904019196160768,*
,clothing,,0.18500707900005087,0.16706055702706957,0.0179465219729813,0.08898220355928814,0.11440569029051333,
,food_drink,,0.38770490412909486,0.257304144386689,0.13040075974240584,0.0001999600079984003,0.0017996400719856027,**
,furniture_rooms,,0.3099377841909723,0.2157573877795954,0.09418039641137688,0.0003999200159968006,0.0017996400719856027,**
,household,,0.10484679253401541,0.07758380355008732,0.027262988983928094,0.003599280143971206,0.010797840431913617,*
,outside,,0.18978475052053512,0.1500470703147767,0.03973768020575841,0.05138972205558888,0.09250149970005998,
,toys,,0.17412945714037176,0.09056816080163776,0.08356129633873399,0.07298540291941612,0.10947810437912417,
,vehicles,,0.33122171359571717,0.4523792971902444,-0.12115758359452722,0.9208158368326335,0.9208158368326335,
