model,cdi_semantic,n_categories,delta_between_minus_within_bv,delta_between_minus_within_th,obs_delta_diff_bv_minus_th,bv_vs_th_shuffle_p_one_sided_gt,bv_vs_th_shuffle_q_one_sided_gt_fdr_bh,sig_star_bv_gt_th_fdr
,animals,,0.3215041872611336,0.30881163936157985,0.012692547899553763,0.2907418516296741,0.2907418516296741,
,body_parts,,0.43988944026047117,0.32510260359716037,0.1147868366633108,0.0003999200159968006,0.0017996400719856027,**
,clothing,,0.31987989586945165,0.277558169868769,0.042321726000682625,0.008398320335932814,0.015476904619076184,*
,food_drink,,0.348194933829566,0.22992167835216493,0.11827325547740108,0.0001999600079984003,0.0017996400719856027,**
,furniture_rooms,,0.3897128055607242,0.3178432922556378,0.0718695133050864,0.0013997200559888023,0.004199160167966407,**
,household,,0.1084746398965426,0.08703744883540787,0.02143719106113473,0.008598280343931213,0.015476904619076184,*
,outside,,0.2623354996054039,0.19907323892117812,0.0632622606842258,0.011797640471905619,0.01769646070785843,*
,toys,,0.18095250509874328,0.11413199741236713,0.06682050768637615,0.10017996400719856,0.12880281086639817,
,vehicles,,0.40271238105732643,0.29796317398586847,0.10474920707145796,0.124375124975005,0.1399220155968806,
