cdi_semantic,n_categories_bv,within_mean_bv,between_mean_bv,delta_between_minus_within_bv,n_categories_th,within_mean_th,between_mean_th,delta_between_minus_within_th
animals,7,0.693296835964429,1.0198780512259176,0.32658121526148853,7,0.7165130489110064,1.0283418110939477,0.3118287621829413
body_parts,13,0.7425754139456118,1.0391005282321957,0.2965251142865839,13,0.7883075037245104,1.0356234063082208,0.2473159025837104
clothing,18,0.8375242600621615,1.0225313390622124,0.18500707900005087,18,0.8550949336330151,1.0221554906600847,0.16706055702706957
food_drink,23,0.6996343615777015,1.0873392657067964,0.38770490412909486,23,0.8000781433628015,1.0573822877494905,0.257304144386689
furniture_rooms,15,0.7279455761690361,1.0378833603600084,0.3099377841909723,15,0.8131197066671795,1.0288770944467749,0.2157573877795954
household,34,0.9219805911062818,1.0268273836402972,0.10484679253401541,34,0.9444069064532403,1.0219907100033276,0.07758380355008732
outside,11,0.8311326599595771,1.0209174104801122,0.18978475052053512,11,0.8736223626996373,1.023669433014414,0.1500470703147767
toys,5,0.8367663294155776,1.0108957865559494,0.17412945714037176,5,0.9198624876085437,1.0104306484101815,0.09056816080163776
vehicles,3,0.6749701040526004,1.0061918176483176,0.33122171359571717,3,0.5617496259599105,1.014128923150155,0.4523792971902444
