model,n_clusters_used,spearman_rho,spearman_p,kendall_tau_b,kendall_p
babydinov3,9,0.9166666666666666,0.0005066190663052084,0.7777777777777778,0.0024250440917107582
clip,9,0.8833333333333333,0.0015905004234978686,0.7777777777777778,0.0024250440917107582
dinov3,9,0.7333333333333334,0.02455415007146968,0.5,0.07517636684303351
