cdi_semantic,n_categories_bv,within_mean_bv,between_mean_bv,delta_between_minus_within_bv,n_categories_th,within_mean_th,between_mean_th,delta_between_minus_within_th
animals,7,0.7574717778625758,1.0195862236457605,0.26211444578318466,7,0.9377854736679228,1.0093030204283329,0.07151754676041011
body_parts,13,0.7443956996140135,1.0402919073329167,0.2958962077189031,13,0.8209071994473589,1.0298432309505745,0.2089360315032156
clothing,18,0.7664179939972516,1.0376356186838034,0.27121762468655175,18,0.9242289492811857,1.0183409652417312,0.09411201596054553
food_drink,23,0.7885728433358576,1.0555154745433724,0.2669426312075147,23,0.9588766754362014,1.0196687952757781,0.060792119839576775
furniture_rooms,15,0.7496638333969576,1.039187872636232,0.2895240392392744,15,0.924495035276892,1.017343868529455,0.09284883325256288
household,34,0.9472023746067719,1.0254036002703473,0.07820122566357535,34,0.9762558020380091,1.017887371236171,0.0416315691981618
outside,11,0.8319471873393318,1.024017079307001,0.1920698919676691,11,0.9335095241560295,1.0137295430683357,0.08022001891230623
toys,5,0.8424114021707091,1.00966728618256,0.16725588401185087,5,0.9328383445821657,1.0084970664066826,0.07565872182451683
vehicles,3,0.688285720501855,1.0123461345632447,0.32406041406138975,3,0.9159017198897487,1.0083173216714936,0.0924156017817449
