level,stat,n,pearson_r,pearson_p,spearman_rho,spearman_p,kendall_tau_b,kendall_p
category,mean,129,-0.6618145430904442,1.3569322248684762e-17,-0.6462432915921289,1.331462043528041e-16,-0.4786821705426357,8.560295369910481e-16
category,median,129,-0.5782913083881623,7.140934191533405e-13,-0.5687228431395916,2.049846057744422e-12,-0.4056689487181157,9.213941235581468e-12
cluster,mean,9,-0.2405843211836728,0.5329143537969707,-0.3,0.4328453267094823,-0.2222222222222222,0.47670855379188715
cluster,median,9,-0.3013972448325713,0.43059935057446475,-0.26666666666666666,0.4879222748387009,-0.16666666666666666,0.612202380952381
