group,n_subjects,n_subject_pairs,avg_pearson_r,std_pearson_r,avg_spearman_rho,std_spearman_rho,avg_common_categories,avg_rdm_pairs
all_subjects_clip,8,28,0.7969375176598533,0.0347328899242223,0.7760092620007191,0.0393301121369749,128.75,8224.0
top8_densest_subjects_clip,8,28,0.7969375176598533,0.0347328899242223,0.7760092620007191,0.0393301121369749,128.75,8224.0
all_subjects_dinov3,8,28,0.8161753983344113,0.0268586518647431,0.7870681694258853,0.0319315748639727,128.75,8224.0
top8_densest_subjects_dinov3,8,28,0.8161753983344113,0.0268586518647431,0.7870681694258853,0.0319315748639727,128.75,8224.0
