subject,n_categories_subject,n_pairs_upper,n_pairs_lower,upper_pearson_r,lower_pearson_r,upper_spearman_rho,lower_spearman_rho
Subject 1,129,8256,8256,0.9210673877254232,0.8965293408199271,0.9001006687131038,0.8716003466174396
Subject 2,129,8256,8256,0.932928153972956,0.9107346766084276,0.9223500178400592,0.8960505051806644
Subject 3,129,8256,8256,0.928544319432458,0.9046163158597708,0.9189926360269132,0.8912775325717746
Subject 4,129,8256,8256,0.928399183762958,0.9044225735562322,0.9178977088491262,0.8902567636605097
Subject 5,129,8256,8256,0.9193538668101724,0.894373195971881,0.8989552480897717,0.8698654426849461
Subject 6,128,8128,8128,0.888769719303751,0.8544187471332729,0.8734767066017366,0.8351829089041465
Subject 7,129,8256,8256,0.9087086687028044,0.8802620169037432,0.8879762499028022,0.8552391897867802
Subject 8,129,8256,8256,0.9002802380542247,0.8682835505701899,0.8772512211462592,0.8391078239302127
