subject,n_pairs,mean_pearson_r,mean_spearman_rho
Subject 2,7,0.825653690712118,0.8114705416331442
Subject 3,7,0.8168946464276635,0.7953822970949155
Subject 1,7,0.8055230373141615,0.7774244586984462
Subject 4,7,0.8041843915491976,0.78809065330606
Subject 5,7,0.8006246697067595,0.7815826486949818
Subject 8,7,0.7815630269771731,0.7614449387354906
Subject 7,7,0.7785666725763116,0.7538345119897901
Subject 6,7,0.762490006015441,0.738844045852925
