comparison,spearman_rho,p_value,n_categories
clip_within,0.9499706859487981,1.0394803430562627e-43,85
dinov3_within,0.8748876294703929,7.311752034597505e-28,85
cross_global,0.4824115692788743,2.9359620081271415e-06,85
cross_local_knn,0.5874145006839945,3.430892970168506e-09,85
