cdi_semantic,n_categories,clip_global_mean,clip_global_sd,dino_global_mean,dino_global_sd,clip_local_mean,dino_local_mean,clip_global_z_mean,dino_global_z_mean,clip_local_z_mean,dino_local_z_mean
toys,5,5.318876882834624,0.29275946488752097,11.939813605230789,0.5588159618578473,5.925065308773184,14.076421206314908,0.9502294860271453,0.4684373577424258,0.9730549923146314,0.5958736711349242
outside,7,5.133877451685947,0.38799763501429246,11.55007862948749,0.7145699368635382,5.624509727276061,13.014532903583605,0.5838628658997848,0.04833684515232125,0.5306781135598216,-0.191867700908357
vehicles,2,5.014062637060308,0.10817592226358688,12.013700839896817,2.1862732662759177,5.412120141990332,13.961038666933812,0.34658565697526306,0.5480813904543116,0.21806957256811374,0.5102793580154377
furniture_rooms,14,4.9598764833671805,0.305803921664326,11.54490013351393,0.4254699313965573,5.409546454127585,13.255878012310601,0.23927722979259572,0.04275487548488137,0.21428145458361417,-0.0128304833445757
household,25,4.951079824343014,0.37497153526756594,11.926945884456178,0.6107163558551221,5.358325842167098,13.794669970657747,0.2218566236043168,0.4545670704196857,0.13889169028735904,0.38686194703871835
clothing,13,4.931961281909269,0.29546912726435265,11.296393784734802,0.43068810768728405,5.515440097765057,13.408827664331255,0.18399490841026622,-0.22511342220870004,0.37014247476156686,0.10063226827100423
animals,5,4.85086815522245,0.3222484691873577,12.206107886774102,1.2325146007258478,5.198470074336784,13.760224640473785,0.023400821415839723,0.7554795046854961,-0.09639422678486909,0.3613093426924748
food_drink,2,4.391964538489915,0.011229674347106748,11.196419533685564,0.5616129381187723,4.712734875659713,12.752617590553369,-0.8853963893788503,-0.33287699675444726,-0.8113302796166416,-0.3861645280933825
body_parts,12,4.032559457854078,0.5600723781807669,10.274105279352801,1.203598331530837,4.233770117068618,11.64530771536291,-1.5971500625203232,-1.3270517953477465,-1.5163011668104567,-1.207601018274143
