embedding,n_categories,things_mean_knn_dist_mean,bv_mean_knn_dist_mean,delta_knn_bv_minus_things_mean,things_global_dispersion_mean,bv_global_dispersion_mean,delta_global_bv_minus_things_mean,corr_local_over_global
clip,129,5.857927034661785,16.26203448814329,10.404107453481503,4.568673774037607,16.399129269505853,11.830455495468247,-0.16952517658257898
dinov3,129,14.528339603838118,23.407435671273504,8.87909606743539,11.18891406526001,22.887440183675746,11.698526118415739,-0.19009836985838108
