model,source,n_pairs,pearson_r_template_dissim_vs_rdm,pearson_p_template_dissim_vs_rdm,spearman_rho_template_dissim_vs_rdm,spearman_p_template_dissim_vs_rdm
clip,babyview,8256,0.41628041761731527,0.0,0.35330657890764233,2.628072384676282e-241
clip,things,8256,0.5064536342465331,0.0,0.4077710641057646,0.0
dinov3,babyview,8256,0.4045076083363682,1.2e-322,0.3435483942183597,2.0148706039546418e-227
dinov3,things,8256,0.35055184625177693,2.4520966526885097e-237,0.27448548030229575,1.2823927226214943e-142
