model,baseline,observed_spearman_r,null_mean_spearman_r,null_sd_spearman_r,empirical_p_two_sided,empirical_z,n_categories,n_pairs,n_permutations
clip,edge_value_shuffle,0.5536067100159698,0.0002479881750627814,0.011125671998714512,0.0001999600079984003,49.737105484963635,129,8256,5000
clip,independent_category_shuffle,0.5536067100159698,0.00014670021275263987,0.010935001863053387,0.0001999600079984003,50.613618240213135,129,8256,5000
dinov3,edge_value_shuffle,0.40178019897111683,0.0002210703106461697,0.010922698539921318,0.0001999600079984003,36.76372895910753,129,8256,5000
dinov3,independent_category_shuffle,0.40178019897111683,-0.000116010331973857,0.011074389314986086,0.0001999600079984003,36.290597868267646,129,8256,5000
