semantic_cluster,n_categories,n_pairs,bv_pearson_r,bv_spearman_r,bv_kendall_r,things_pearson_r,things_spearman_r,things_kendall_r
vehicles,3,3,0.9862328935950774,1.0,1.0,0.40787273240933636,0.5,0.33333333333333337
toys,5,10,0.976042446298916,0.9878787878787878,0.9555555555555554,0.9312588912056271,0.6606060606060605,0.5555555555555555
clothing,18,153,0.9619515320604344,0.942533472719231,0.8049535603715171,0.8455823971467173,0.8164093388551591,0.6233230134158928
food_drink,23,253,0.9351376291917182,0.9315214056740933,0.7715665976535543,0.7035681599751539,0.5767097788665745,0.4071146245059289
outside,11,55,0.9218229605008922,0.9215007215007216,0.7521885521885523,0.8148658428079587,0.7924242424242427,0.6000000000000001
body_parts,13,78,0.9099861866261232,0.8891741170222183,0.716949716949717,0.8367359895894732,0.6865413067944713,0.4971694971694972
furniture_rooms,15,105,0.8719981910035508,0.8276072983620153,0.6300366300366299,0.7744999568894021,0.5831225378395191,0.41831501831501827
household,34,561,0.8738894399329288,0.8204891403342313,0.6408581614463967,0.7981461533425178,0.6839238477662173,0.4999236058059587
animals,7,21,0.8832907035578458,0.7129870129870131,0.5619047619047619,0.6488511487972144,0.5779220779220778,0.4476190476190477
