dataset,model_a,model_b,n_categories,n_pairs,pearson_r,pearson_p,spearman_r,spearman_p,kendall_r,kendall_p,mae,rmse
bv,clip,dinov3,129,8256,0.9067199704618112,0.0,0.8741568009114516,0.0,0.6950298503608335,0.0,0.07162645623512649,0.0905222108069536
things,clip,dinov3,129,8256,0.6789169889835643,0.0,0.48733023804459336,0.0,0.3415694152944656,0.0,0.07432833590594168,0.09642024643551282
