cdi_semantic,n_categories_bv,within_mean_bv,between_mean_bv,delta_between_minus_within_bv,n_categories_th,within_mean_th,between_mean_th,delta_between_minus_within_th
animals,7,0.7069195825299458,1.0284237697910794,0.3215041872611336,7,0.7203452021568544,1.0291568415184342,0.30881163936157985
body_parts,13,0.6085628489734363,1.0484522892339074,0.43988944026047117,13,0.7132830885910407,1.038385692188201,0.32510260359716037
clothing,18,0.7248303356151743,1.044710231484626,0.31987989586945165,18,0.7605926168227191,1.038150786691488,0.277558169868769
food_drink,23,0.7219173449711933,1.0701122788007593,0.348194933829566,23,0.8245280644931419,1.0544497428453068,0.22992167835216493
furniture_rooms,15,0.6592299533889183,1.0489427589496425,0.3897128055607242,15,0.722006326477936,1.0398496187335737,0.3178432922556378
household,34,0.9236518131716267,1.0321264530681693,0.1084746398965426,34,0.9398377289151559,1.0268751777505638,0.08703744883540787
outside,11,0.7708247694677783,1.0331602690731823,0.2623354996054039,11,0.8230621508511452,1.0221353897723233,0.19907323892117812
toys,5,0.8343846401847597,1.015337145283503,0.18095250509874328,5,0.8961887689818926,1.0103207663942597,0.11413199741236713
vehicles,3,0.6144543834065913,1.0171667644639177,0.40271238105732643,3,0.717789523570313,1.0157526975561815,0.29796317398586847
