cdi_semantic,n_categories,within_mean,within_median,between_mean,between_median,n_within_pairs,n_between_pairs
animals,7,0.7069195825299458,0.7446892828383843,1.0284237697910794,1.0409264303322479,21,854
body_parts,13,0.6085628489734363,0.6402371465800024,1.0484522892339072,1.0830936152478823,78,1508
clothing,18,0.7248303356151743,0.7869554433194912,1.044710231484626,1.0597894943411823,153,1998
food_drink,23,0.7219173449711933,0.7184194496972451,1.070112278800759,1.088535520382436,253,2438
furniture_rooms,15,0.6592299533889183,0.6716011532111366,1.0489427589496425,1.0627721308502491,105,1710
household,34,0.9236518131716267,0.9514518188623043,1.0321264530681693,1.0538644772769876,561,3230
outside,11,0.7708247694677783,0.7510444957814115,1.0331602690731825,1.0465011182781767,55,1298
toys,5,0.8343846401847597,0.9239953498674665,1.015337145283503,1.025944922774242,10,620
vehicles,3,0.6144543834065913,0.6240671911318278,1.0171667644639177,1.0265764008404323,3,378
