metric,observed,null_mean,null_std,p_perm_two_sided,n_perm_valid
mean_pearson_r,-0.2405843211836728,-0.485530720940886,0.3386559350306091,0.8205897051474262,2000
mean_spearman_rho,-0.3,-0.5253833333333333,0.288450476020297,0.8010994502748626,2000
mean_kendall_tau_b,-0.2222222222222222,-0.41775,0.24135072756873988,0.8245877061469266,2000
median_pearson_r,-0.3013972448325713,0.04492655156487381,0.4721236343651481,0.6086956521739131,2000
median_spearman_rho,-0.26666666666666666,0.07136230782585176,0.38532476585687514,0.5527236381809095,2000
median_kendall_tau_b,-0.16666666666666666,0.0567636918735323,0.3013273870702171,0.6636681659170415,2000
