subject,n_categories_subject,n_pairs_upper,n_pairs_lower,upper_pearson_r,lower_pearson_r,upper_spearman_rho,lower_spearman_rho
Subject 1,129,8256,8256,0.9147120225175986,0.8875945455289034,0.8932012976472421,0.8623149690623524
Subject 2,129,8256,8256,0.9343454144962238,0.9129195526983258,0.9311360607315248,0.9072407775173259
Subject 3,129,8256,8256,0.9262383665873029,0.9018586657933194,0.9153284761509961,0.8869052180603033
Subject 4,129,8256,8256,0.9143059888047043,0.8861197846135489,0.9080877921188452,0.8774655061199259
Subject 5,129,8256,8256,0.9108353601660504,0.8817225552154747,0.8994239513250604,0.8665742681858106
Subject 6,128,8128,8128,0.8728178342990782,0.8337084585339648,0.8572239331176675,0.8145166258603924
Subject 7,129,8256,8256,0.8894633905731321,0.8537808808609304,0.8718889069699869,0.8328973362689089
Subject 8,129,8256,8256,0.891743626333036,0.8577354486404428,0.8809626492718348,0.84406179260201
