cdi_semantic,n_categories_subject,within_mean_subject,between_mean_subject,delta_between_minus_within_subject,n_within_pairs_subject,n_between_pairs_subject,n_categories_things,within_mean_things,between_mean_things,delta_between_minus_within_things,n_within_pairs_things,n_between_pairs_things,subject_id
animals,5,0.9316133415719452,1.0159140848261576,0.08430074325421244,10,370,5,0.9260212065362049,1.012024146784272,0.0860029402480672,10,400,00400002
body_parts,12,0.8585837376869826,1.0411734972016775,0.18258975951469492,66,804,12,0.8493256988450454,1.0410020005760026,0.19167630173095718,66,876,00400002
clothing,13,0.9210122030846686,1.0216618475124088,0.10064964442774027,78,858,13,0.9141910210494648,1.0248650419028424,0.11067402085337763,78,936,00400002
food_drink,2,0.852666126341737,1.0215539605157855,0.1688878341740485,1,154,2,0.9354731033306704,1.013504531828146,0.07803142849747557,1,166,00400002
furniture_rooms,14,0.8704282018011222,1.0361706761036984,0.16574247430257616,91,910,14,0.9424019467318641,1.024084800279296,0.08168285354743188,91,994,00400002
household,22,0.9841801468795686,1.0229498268555468,0.038769679975978244,231,1254,25,0.9702730891141531,1.0280525266852638,0.0577794375711107,300,1500,00400002
outside,4,0.9631112424076566,1.0194138768347505,0.056302634427093934,6,300,7,0.9346966451797633,1.0179718466018022,0.08327520142203892,21,546,00400002
toys,5,0.9121524281538382,1.0204860037145789,0.10833357556074064,10,370,5,0.9364182813258269,1.0133919688949249,0.07697368756909795,10,400,00400002
vehicles,2,1.01095572296463,1.0183648304781645,0.007409107513534519,1,154,2,0.9008704721901825,1.0117320505331906,0.11086157834300814,1,166,00400002
