cdi_semantic,n_categories_subject,within_mean_subject,between_mean_subject,delta_between_minus_within_subject,n_within_pairs_subject,n_between_pairs_subject,n_categories_things,within_mean_things,between_mean_things,delta_between_minus_within_things,n_within_pairs_things,n_between_pairs_things,subject_id
animals,4,0.8044188147764336,1.0301971665826146,0.225778351806181,6,252,5,0.9260212065362049,1.012024146784272,0.0860029402480672,10,400,00510002
body_parts,11,0.869820604579151,1.0410274290802686,0.17120682450111757,55,616,12,0.8493256988450454,1.0410020005760026,0.19167630173095718,66,876,00510002
clothing,9,0.8407964017433708,1.0381725990524844,0.1973761973091136,36,522,13,0.9141910210494648,1.0248650419028424,0.11067402085337763,78,936,00510002
food_drink,2,0.9318019370545214,1.0189412565821967,0.08713931952767529,1,130,2,0.9354731033306704,1.013504531828146,0.07803142849747557,1,166,00510002
furniture_rooms,10,0.8712478648582577,1.0400873637834387,0.16883949892518102,45,570,14,0.9424019467318641,1.024084800279296,0.08168285354743188,91,994,00510002
household,22,0.9440319253944565,1.041010108623734,0.09697818322927754,231,990,25,0.9702730891141531,1.0280525266852638,0.0577794375711107,300,1500,00510002
outside,3,1.0390818971414628,1.0150542684037263,-0.02402762873773656,3,192,7,0.9346966451797633,1.0179718466018022,0.08327520142203892,21,546,00510002
toys,5,0.8921275550243555,1.0216788649059152,0.12955130988155972,10,310,5,0.9364182813258269,1.0133919688949249,0.07697368756909795,10,400,00510002
vehicles,1,,1.021030865591563,,0,66,2,0.9008704721901825,1.0117320505331906,0.11086157834300814,1,166,00510002
