cdi_semantic,n_categories_subject,within_mean_subject,between_mean_subject,delta_between_minus_within_subject,n_within_pairs_subject,n_between_pairs_subject,n_categories_things,within_mean_things,between_mean_things,delta_between_minus_within_things,n_within_pairs_things,n_between_pairs_things,subject_id
animals,5,0.8213146868651375,1.0226037598407216,0.20128907297558407,10,325,5,0.9260212065362049,1.012024146784272,0.0860029402480672,10,400,00430001
body_parts,11,0.8550840141922774,1.0437488933343277,0.18866487914205032,55,649,12,0.8493256988450454,1.0410020005760026,0.19167630173095718,66,876,00430001
clothing,12,0.9504112836488685,1.029029710015443,0.07861842636657457,66,696,13,0.9141910210494648,1.0248650419028424,0.11067402085337763,78,936,00430001
food_drink,1,,1.014130735999519,,0,69,2,0.9354731033306704,1.013504531828146,0.07803142849747557,1,166,00430001
furniture_rooms,10,0.8808734501028707,1.0334159300934376,0.15254247999056691,45,600,14,0.9424019467318641,1.024084800279296,0.08168285354743188,91,994,00430001
household,22,0.9650130355633119,1.0308707869609257,0.06585775139761385,231,1056,25,0.9702730891141531,1.0280525266852638,0.0577794375711107,300,1500,00430001
outside,3,1.0228588013122561,1.0172958912192844,-0.005562910092971718,3,201,7,0.9346966451797633,1.0179718466018022,0.08327520142203892,21,546,00430001
toys,4,1.0246575352565677,1.0150209129578558,-0.009636622298711872,6,264,5,0.9364182813258269,1.0133919688949249,0.07697368756909795,10,400,00430001
vehicles,2,1.0664467649473226,1.0152289420208993,-0.051217822926423295,1,136,2,0.9008704721901825,1.0117320505331906,0.11086157834300814,1,166,00430001
