cdi_semantic,n_categories_subject,within_mean_subject,between_mean_subject,delta_between_minus_within_subject,n_within_pairs_subject,n_between_pairs_subject,n_categories_things,within_mean_things,between_mean_things,delta_between_minus_within_things,n_within_pairs_things,n_between_pairs_things,subject_id
animals,5,0.8244047334444412,1.0274544421196579,0.20304970867521666,10,350,5,0.9260212065362049,1.012024146784272,0.0860029402480672,10,400,00320001
body_parts,12,0.8378403061131442,1.050388905688441,0.21254859957529681,66,756,12,0.8493256988450454,1.0410020005760026,0.19167630173095718,66,876,00320001
clothing,13,0.8978572730887958,1.0354509868197779,0.13759371373098206,78,806,13,0.9141910210494648,1.0248650419028424,0.11067402085337763,78,936,00320001
food_drink,2,1.0002310417756886,1.0152698618890765,0.015038820113387974,1,146,2,0.9354731033306704,1.013504531828146,0.07803142849747557,1,166,00320001
furniture_rooms,14,0.8621198441212411,1.0437559737916635,0.18163612967042242,91,854,14,0.9424019467318641,1.024084800279296,0.08168285354743188,91,994,00320001
household,23,0.9545002029069823,1.0313804243128404,0.07688022140585804,253,1196,25,0.9702730891141531,1.0280525266852638,0.0577794375711107,300,1500,00320001
toys,5,0.8930157338517105,1.0184252904398143,0.12540955658810382,10,350,5,0.9364182813258269,1.0133919688949249,0.07697368756909795,10,400,00320001
vehicles,1,,1.0142440903338847,,0,74,2,0.9008704721901825,1.0117320505331906,0.11086157834300814,1,166,00320001
