cdi_semantic,n_categories_subject,within_mean_subject,between_mean_subject,delta_between_minus_within_subject,n_within_pairs_subject,n_between_pairs_subject,n_categories_things,within_mean_things,between_mean_things,delta_between_minus_within_things,n_within_pairs_things,n_between_pairs_things,subject_id
animals,5,0.8238421974695486,1.0286532428893937,0.20481104541984518,10,335,5,0.9260212065362049,1.012024146784272,0.0860029402480672,10,400,00240001
body_parts,12,0.8683384390395485,1.0411055379982006,0.17276709895865205,66,720,12,0.8493256988450454,1.0410020005760026,0.19167630173095718,66,876,00240001
clothing,11,0.8611301142327262,1.0322308062254566,0.17110069199273037,55,671,13,0.9141910210494648,1.0248650419028424,0.11067402085337763,78,936,00240001
food_drink,2,0.9997961190150096,1.0166640769465987,0.016867957931589017,1,140,2,0.9354731033306704,1.013504531828146,0.07803142849747557,1,166,00240001
furniture_rooms,11,0.8644724011711282,1.038746138935353,0.17427373776422472,55,671,14,0.9424019467318641,1.024084800279296,0.08168285354743188,91,994,00240001
household,23,0.9838248706871803,1.0277168414038682,0.043891970716687934,253,1127,25,0.9702730891141531,1.0280525266852638,0.0577794375711107,300,1500,00240001
outside,3,1.0389163327236974,1.0141702403597863,-0.02474609236391112,3,207,7,0.9346966451797633,1.0179718466018022,0.08327520142203892,21,546,00240001
toys,4,0.8780698732167614,1.019515695434384,0.14144582221762259,6,272,5,0.9364182813258269,1.0133919688949249,0.07697368756909795,10,400,00240001
vehicles,1,,1.0088943655424636,,0,71,2,0.9008704721901825,1.0117320505331906,0.11086157834300814,1,166,00240001
