cdi_semantic,n_categories_subject,within_mean_subject,between_mean_subject,delta_between_minus_within_subject,n_within_pairs_subject,n_between_pairs_subject,n_categories_things,within_mean_things,between_mean_things,delta_between_minus_within_things,n_within_pairs_things,n_between_pairs_things,subject_id
animals,5,0.7594342616249771,1.0219653740479517,0.26253111242297467,10,395,5,0.9260212065362049,1.012024146784272,0.0860029402480672,10,400,00400001
body_parts,12,0.8282519341226495,1.043454272131754,0.21520233800910438,66,864,12,0.8493256988450454,1.0410020005760026,0.19167630173095718,66,876,00400001
clothing,13,0.8879893867993754,1.0293278283478318,0.14133844154845632,78,923,13,0.9141910210494648,1.0248650419028424,0.11067402085337763,78,936,00400001
food_drink,2,1.0070612978540718,1.0187057782979645,0.011644480443892657,1,164,2,0.9354731033306704,1.013504531828146,0.07803142849747557,1,166,00400001
furniture_rooms,14,0.8205006418649727,1.0460038115987702,0.22550316973379747,91,980,14,0.9424019467318641,1.024084800279296,0.08168285354743188,91,994,00400001
household,25,0.9554247157164913,1.0323882520172762,0.0769635363007849,300,1475,25,0.9702730891141531,1.0280525266852638,0.0577794375711107,300,1500,00400001
outside,7,0.9542971462588657,1.0203930937963335,0.06609594753746773,21,539,7,0.9346966451797633,1.0179718466018022,0.08327520142203892,21,546,00400001
toys,5,0.8795345641465364,1.0170615258259752,0.1375269616794388,10,395,5,0.9364182813258269,1.0133919688949249,0.07697368756909795,10,400,00400001
vehicles,1,,1.0105586996224005,,0,83,2,0.9008704721901825,1.0117320505331906,0.11086157834300814,1,166,00400001
