cdi_semantic,n_categories_subject,within_mean_subject,between_mean_subject,delta_between_minus_within_subject,n_within_pairs_subject,n_between_pairs_subject,n_categories_things,within_mean_things,between_mean_things,delta_between_minus_within_things,n_within_pairs_things,n_between_pairs_things,subject_id
animals,5,0.9254870586330478,1.0175838264365433,0.09209676780349552,10,380,5,0.9260212065362049,1.012024146784272,0.0860029402480672,10,400,00500001
body_parts,12,0.8605275635964552,1.0374120051473734,0.1768844415509182,66,828,12,0.8493256988450454,1.0410020005760026,0.19167630173095718,66,876,00500001
clothing,13,0.9208468139169192,1.0246127725634704,0.10376595864655114,78,884,13,0.9141910210494648,1.0248650419028424,0.11067402085337763,78,936,00500001
food_drink,2,0.8597106853992192,1.0147921455683984,0.15508146016917912,1,158,2,0.9354731033306704,1.013504531828146,0.07803142849747557,1,166,00500001
furniture_rooms,12,0.8716164922003792,1.0340865995362813,0.16247010733590217,66,828,14,0.9424019467318641,1.024084800279296,0.08168285354743188,91,994,00500001
household,24,0.9908012065801495,1.0218527831499693,0.031051576569819828,276,1368,25,0.9702730891141531,1.0280525266852638,0.0577794375711107,300,1500,00500001
outside,6,0.8537108962544819,1.023197795089427,0.16948689883494517,15,450,7,0.9346966451797633,1.0179718466018022,0.08327520142203892,21,546,00500001
toys,5,0.9431003287736843,1.0143335675915393,0.07123323881785493,10,380,5,0.9364182813258269,1.0133919688949249,0.07697368756909795,10,400,00500001
vehicles,2,0.9244658451536296,1.013806423261688,0.08934057810805829,1,158,2,0.9008704721901825,1.0117320505331906,0.11086157834300814,1,166,00500001
